# Blender 5.1.1
# www.blender.org
mtllib umbrellaman.mtl
o umbrella_man.mdl/umbrella_man.smd
v 0.052740 1.316750 0.023628
v 0.052637 1.295925 0.014944
v 0.078475 1.307382 0.018766
v 0.051583 1.296496 -0.028576
v 0.086675 1.307072 0.011579
v 0.052748 1.315906 -0.018538
v 0.079073 1.308280 -0.020217
v 0.086665 1.310586 -0.003966
v 0.089922 1.311933 0.000516
v 0.138982 0.006518 0.101768
v 0.128907 0.001135 0.071552
v 0.117901 0.001136 0.125644
v 0.066998 0.000709 0.132819
v 0.092050 0.000709 0.049815
v -0.085372 0.000864 0.052357
v -0.069868 0.000555 0.088807
v -0.056858 0.000555 0.031105
v 0.092258 0.000988 0.047529
v 0.066998 0.000800 0.132819
v -0.088858 0.062148 0.058695
v -0.095658 0.051480 0.057918
v -0.070253 0.057234 0.096074
v -0.047091 0.049744 0.033425
v -0.068513 0.053611 0.025541
v -0.020388 0.054161 0.021746
v 0.016979 0.072207 0.039508
v 0.005803 0.065447 0.112102
v -0.009413 0.063516 0.123407
v 0.016979 0.072207 0.039508
v 0.045104 0.072551 0.094803
v 0.052120 0.077940 0.067785
v 0.059725 0.062269 0.088120
v 0.127160 0.020275 0.072341
v 0.113633 0.044931 0.066189
v 0.133632 0.000547 0.063161
v -0.047282 0.000758 0.027165
v 0.026405 0.059764 0.035884
v -0.081001 0.059822 0.050222
v -0.085027 0.000781 0.067755
v -0.072662 0.057717 0.091965
v 0.103260 0.000477 0.135086
v 0.011465 0.060551 0.125586
v 0.098363 0.043894 0.123049
v 0.141831 0.006777 0.102449
v 0.125176 0.042588 0.098958
v 0.129171 0.002317 0.073155
v 0.112295 0.042262 0.069802
v 0.027105 0.063576 0.041643
v 0.114937 0.057942 0.063073
v 0.040547 0.077388 0.071075
v 0.097915 0.042262 0.120764
v 0.011995 0.073559 0.124514
v 0.114937 0.057942 0.063073
v 0.125176 0.042588 0.098958
v -0.084125 0.890480 0.204688
v -0.037725 1.074718 0.145625
v -0.117992 0.912990 0.221169
v -0.073676 0.938028 0.180022
v -0.058441 0.943655 0.166040
v -0.072299 1.114809 0.234926
v -0.076037 0.957627 0.265243
v -0.059441 0.946978 0.163093
v -0.021260 0.923842 0.170786
v -0.045229 0.958237 0.213313
v -0.074632 0.939535 0.175591
v -0.036474 1.071617 0.142365
v -0.004372 1.083398 0.144197
v 0.014649 1.077845 0.148567
v 0.024143 1.174668 0.167057
v -0.049682 0.955079 0.244727
v -0.008103 1.215495 0.182674
v -0.047053 1.208336 0.180365
v -0.085873 1.152761 0.184301
v -0.091068 1.106840 0.165555
v -0.083137 1.092256 0.136603
v 0.034680 1.108096 0.133134
v 0.171240 0.853923 0.015346
v 0.197178 0.858935 0.023247
v 0.168809 0.842443 0.045415
v 0.192757 0.840581 0.049235
v 0.182416 0.810181 0.075154
v 0.201960 0.830017 0.010793
v 0.195389 0.842395 -0.005090
v 0.182115 0.850006 0.016700
v 0.171302 0.830978 0.036826
v 0.170396 0.837175 0.051377
v 0.181438 0.815288 0.081743
v 0.191220 0.816770 0.071947
v 0.195118 0.839227 0.040346
v 0.037093 0.072790 -0.073233
v 0.009319 0.071739 -0.118554
v 0.097915 0.042261 -0.120759
v 0.125176 0.042588 -0.098953
v 0.112296 0.042261 -0.069796
v 0.018501 0.061175 -0.040228
v 0.074617 0.671805 0.113552
v -0.017066 0.730688 0.141935
v 0.089007 0.732272 0.084861
v -0.014257 0.419098 0.129061
v 0.035334 0.312923 0.102857
v 0.068736 0.411002 0.057378
v 0.041102 0.212691 0.055384
v 0.030148 0.413557 0.022300
v 0.052223 0.603866 0.013039
v -0.047493 0.466496 0.024003
v -0.052076 0.671026 0.006581
v 0.088118 0.668933 -0.008638
v 0.098763 0.679332 0.000793
v 0.095069 0.734059 0.000212
v -0.100747 0.741562 0.075055
v -0.053447 0.386274 0.022583
v -0.102582 0.688757 -0.017869
v -0.111962 0.745663 0.000212
v -0.078207 0.293635 0.021592
v -0.080010 0.143633 0.019197
v 0.005916 0.056175 0.036783
v 0.046944 0.075360 0.076920
v -0.040729 0.059903 0.122512
v -0.074612 0.414060 0.071580
v -0.081174 0.586533 0.059723
v -0.051731 0.645263 0.001975
v -0.050496 0.416001 0.031862
v -0.056862 0.377072 0.023141
v -0.094259 0.051481 0.057201
v -0.080482 0.193003 0.026458
v -0.076230 0.053298 0.020464
v -0.068513 0.053611 0.025541
v 0.233266 0.776769 0.084696
v 0.233762 0.773816 0.090665
v 0.236231 0.805782 0.065468
v 0.116809 0.660772 0.009911
v 0.100508 0.659364 0.107967
v 0.108366 0.761221 0.007249
v 0.103017 0.810936 0.070211
v 0.039648 0.855284 0.126774
v -0.006582 0.661046 0.150629
v -0.130378 0.670339 -0.070236
v -0.032580 0.661835 -0.144328
v -0.094056 0.828314 -0.088573
v -0.107468 0.755499 0.073501
v -0.106549 0.668277 0.093079
v -0.063778 0.927295 0.125214
v 0.066789 0.954859 0.110016
v 0.109892 1.036134 0.007816
v -0.102228 0.916041 -0.026855
v -0.099793 0.894475 0.058441
v 0.037521 1.108707 0.134913
v 0.013524 1.075437 0.147574
v -0.004079 1.082752 0.143842
v 0.062272 0.970065 -0.103207
v 0.094099 1.089251 -0.052626
v 0.063683 1.015744 -0.105171
v 0.081857 0.822593 -0.084719
v 0.025685 0.957646 -0.126915
v 0.017300 0.662322 -0.143579
v -0.029724 0.966487 -0.131082
v -0.100860 0.978887 -0.098077
v -0.115051 1.066190 -0.068503
v -0.091770 1.091504 0.141138
v -0.062430 1.077175 0.137130
v 0.089953 0.656663 -0.093480
v 0.052324 1.191098 -0.059515
v 0.091035 1.118338 -0.041350
v 0.103077 1.059107 -0.000046
v 0.109480 1.032729 0.007444
v 0.105773 0.826330 0.009298
v 0.111088 0.660562 0.000776
v -0.090510 1.106517 0.164912
v -0.088710 1.161407 0.187228
v -0.109371 1.135653 -0.052671
v -0.067131 1.246461 0.023481
v -0.041886 1.215245 0.185083
v -0.084256 1.217261 -0.092035
v -0.058212 1.237799 -0.119936
v -0.069064 1.250260 -0.040421
v -0.105556 1.128322 -0.096886
v 0.055320 1.202611 -0.002554
v 0.087408 1.121713 -0.024291
v 0.111118 1.047073 -0.001189
v 0.086969 1.122172 0.023916
v -0.068241 1.249397 0.040619
v -0.051753 1.250760 0.066804
v -0.041492 1.208549 0.183681
v -0.008501 1.216155 0.183602
v 0.047788 1.192892 0.059918
v 0.027641 1.166051 0.162275
v 0.091507 1.119160 0.041625
v 0.103077 1.059107 -0.000046
v 0.242041 0.801234 0.072222
v 0.235434 0.784766 0.090136
v 0.239703 0.777200 0.086756
v -0.056060 1.253906 0.064707
v -0.062719 1.278337 0.043138
v 0.005100 1.236819 0.052005
v 0.003036 1.233350 0.084582
v 0.071080 1.189342 0.040113
v 0.056076 1.174785 0.088496
v 0.062305 1.169617 0.081348
v 0.100439 1.117809 0.048609
v 0.103448 1.059283 -0.000147
v 0.088708 1.111669 0.038099
v -0.000467 1.234068 0.068376
v 0.056439 1.183779 -0.093551
v 0.041401 1.200346 -0.063296
v 0.095436 1.125087 -0.053295
v 0.091421 1.118749 -0.041461
v 0.104703 1.034056 0.007506
v 0.103448 1.059283 -0.000147
v 0.060154 1.186983 -0.037282
v 0.054877 1.184779 -0.091662
v 0.001902 1.233078 -0.083622
v 0.007590 1.234837 -0.051983
v -0.059318 1.251201 -0.064604
v -0.071048 1.280625 -0.037086
v -0.079046 1.246975 0.000147
v -0.059878 1.258650 0.030846
v 0.041401 1.200346 -0.063296
v -0.056569 1.257948 -0.032842
v -0.000913 1.233285 -0.066275
v 0.192947 0.798808 -0.039286
v 0.174183 0.797122 -0.020042
v 0.188516 0.836332 -0.042793
v 0.180600 0.854022 -0.017047
v 0.151590 0.842604 0.012000
v 0.186063 0.866836 0.024692
v 0.195008 0.838165 -0.037502
v 0.216900 0.805312 -0.041983
v 0.192947 0.798808 -0.039286
v -0.052542 1.250296 -0.066033
v -0.068632 1.249978 -0.040718
v -0.056720 1.237733 -0.118815
v -0.006809 1.229351 -0.106734
v 0.052324 1.191098 -0.059515
v 0.037128 1.224134 0.034151
v 0.044496 1.219876 0.011617
v 0.058471 1.204453 0.007831
v 0.086936 1.122046 0.023864
v 0.050927 1.233597 0.009124
v 0.052894 1.222417 -0.009139
v 0.032078 1.220269 0.038369
v 0.051970 1.230138 -0.010169
v -0.054421 1.301086 0.000934
v -0.043760 1.305364 0.033500
v -0.057387 1.272192 -0.001226
v -0.047452 1.265627 0.028436
v -0.013937 1.284063 0.042913
v 0.000376 1.319305 0.054865
v 0.000817 1.267000 0.039591
v -0.005562 1.246168 0.039555
v -0.068864 1.371977 0.025845
v -0.072505 1.421687 0.001095
v -0.068450 1.405354 0.023801
v -0.049338 1.352285 0.051582
v -0.003851 1.333232 0.055158
v 0.014669 1.332430 0.058231
v -0.066935 1.381635 0.025141
v -0.015052 1.370482 0.071341
v 0.001443 1.369487 0.066879
v -0.053001 1.410600 0.051142
v -0.045574 1.446688 0.041724
v -0.020734 1.461141 -0.001421
v -0.012241 1.456350 0.013977
v 0.005747 1.461243 0.013419
v -0.011661 1.440618 0.064703
v 0.021356 1.338827 0.056757
v 0.033014 1.348585 0.055834
v 0.036176 1.340964 0.055958
v 0.004178 1.353001 0.060454
v -0.018272 1.344167 0.069040
v 0.006494 1.318609 0.061977
v 0.014207 1.331929 0.056434
v 0.014669 1.332430 0.058231
v 0.012062 1.329917 -0.059547
v 0.010976 1.317975 -0.058772
v 0.003535 1.330202 -0.055974
v -0.027582 1.348973 -0.071857
v -0.020982 1.355655 -0.065068
v 0.001926 1.365188 -0.067115
v -0.005738 1.436730 -0.068083
v 0.056041 1.402695 -0.052776
v 0.031705 1.439738 -0.059060
v 0.074136 1.442999 -0.028894
v 0.036915 1.460209 -0.023798
v 0.051070 1.460174 0.004203
v 0.041049 1.447670 0.049270
v 0.034071 1.412789 0.055423
v 0.048751 1.377689 0.050598
v 0.044422 1.357141 0.052268
v 0.087303 1.444315 0.003035
v 0.063148 1.381301 0.053012
v 0.057613 1.400367 0.046348
v 0.067938 1.405620 0.041372
v 0.064162 1.417001 0.041053
v 0.070783 1.434980 0.024659
v 0.086186 1.422137 -0.003504
v 0.075193 1.417662 -0.035346
v 0.063734 1.414672 -0.048191
v 0.067560 1.404856 -0.047933
v 0.079354 1.423512 0.027064
v 0.031754 1.346582 -0.059444
v 0.028606 1.353816 -0.060680
v 0.043782 1.362734 -0.054749
v 0.058893 1.387899 -0.053177
v 0.002760 1.347859 -0.062313
v -0.005046 1.365459 -0.069989
v 0.179635 0.861072 0.005381
v 0.172078 0.850228 -0.020097
v 0.177469 0.871137 -0.013871
v 0.053872 1.316346 0.021087
v 0.075085 1.307904 0.016171
v 0.080207 1.311040 0.011882
v 0.077578 1.319133 0.009200
v 0.075294 1.309092 -0.019645
v 0.053622 1.316360 -0.024594
v 0.078503 1.319426 -0.014548
v 0.081875 1.310530 -0.013190
v 0.086942 1.316679 0.001518
v 0.079772 1.318269 0.009114
v 0.084631 1.320631 -0.001657
v 0.083278 1.314183 0.006215
v -0.007921 1.360831 -0.065460
v -0.004559 1.353554 -0.061708
v 0.000053 1.360764 -0.064622
v -0.001342 1.367614 -0.067798
v 0.011131 1.366784 -0.066432
v 0.104797 0.881858 -0.156561
v 0.135901 0.854996 -0.110685
v 0.132372 0.911348 -0.168545
v 0.192947 0.798808 -0.039286
v 0.226483 0.838465 -0.031186
v 0.143772 0.948088 -0.143256
v 0.104119 0.963820 -0.113708
v 0.162620 0.854126 0.022009
v 0.074217 0.922333 -0.114750
v 0.166319 0.803182 -0.005087
v 0.192549 0.797025 -0.040295
v 0.104797 0.881858 -0.156561
v 0.017692 1.190992 -0.164739
v 0.029564 1.120318 -0.128865
v 0.040113 1.121747 -0.137395
v 0.035440 1.115579 -0.131474
v -0.035127 1.219952 -0.173057
v -0.039252 1.109763 -0.192531
v -0.059929 1.208838 -0.171761
v -0.083316 1.152747 -0.156474
v -0.057946 1.101663 -0.114749
v 0.002200 0.971362 -0.218247
v 0.001307 1.065207 -0.120914
v 0.009448 0.990480 -0.136156
v 0.052104 0.932463 -0.169431
v 0.104797 0.881858 -0.156561
v 0.137085 0.912059 -0.172121
v 0.140963 0.949520 -0.139992
v 0.090996 0.979342 -0.169592
v 0.061826 0.952957 -0.155582
v -0.004095 1.096029 -0.113358
v 0.001307 1.065207 -0.120914
v -0.039620 1.099880 -0.103188
v -0.037863 1.101113 -0.103738
v 0.009448 0.990480 -0.136156
v 0.052753 0.929616 -0.168080
v 0.104167 0.880355 -0.155845
v 0.079928 0.936355 -0.113618
v 0.246954 0.786037 0.060079
v 0.239340 0.764010 0.079012
v 0.241204 0.760585 0.074998
v -0.059459 1.356667 -0.049450
v -0.069578 1.428839 0.000821
v -0.072157 1.358461 0.001110
v -0.044628 1.300506 -0.029821
v -0.053233 1.271463 0.000570
v -0.045221 1.263249 -0.035357
v -0.049044 1.442809 -0.042784
v -0.047434 1.401738 -0.059740
v -0.020315 1.458515 -0.001262
v -0.012241 1.456350 0.013977
v 0.006231 1.458563 0.012702
v -0.006169 1.304836 -0.046774
v -0.017877 1.274155 -0.042962
v 0.011365 1.238164 -0.031693
v 0.000817 1.267130 -0.037739
v 0.001624 1.371964 0.064953
v -0.001492 1.360023 0.060417
v -0.004885 1.364905 0.062961
v 0.013618 1.370713 0.062716
v 0.247041 0.787804 -0.005466
v 0.220170 0.804754 -0.032677
v 0.246250 0.784518 0.017247
v 0.237094 0.750865 0.034752
v 0.239437 0.758428 0.036715
v 0.237640 0.757188 0.057819
v 0.238620 0.754399 0.053626
v 0.243612 0.797861 0.033980
v 0.199882 0.821524 0.023001
v 0.186702 0.839565 -0.010433
v 0.214525 0.840286 -0.057038
v 0.172078 0.850228 -0.020097
v 0.202887 0.860049 0.004367
v 0.181722 0.847645 0.021254
v 0.229439 0.825712 0.060258
v 0.242391 0.800705 0.072844
v 0.239253 0.808525 0.048618
v 0.198416 0.835397 0.034343
v 0.248811 0.784846 0.058968
v 0.000431 1.267364 -0.037198
v 0.019686 1.304571 -0.049498
v -0.017968 1.274232 -0.042196
v 0.002983 1.329421 -0.061211
v 0.014397 1.331315 -0.059751
v 0.035662 1.231530 -0.004963
v 0.050564 1.265376 0.000685
v 0.034667 1.257356 -0.018592
v 0.011029 1.237039 -0.029391
v 0.045844 1.277628 -0.033578
v 0.044855 1.317662 -0.043328
v 0.071347 1.346396 -0.046972
v 0.031754 1.346582 -0.059444
v 0.028558 1.353820 -0.060496
v 0.045705 1.361611 -0.059026
v 0.077360 1.366593 -0.039506
v 0.080309 1.363751 -0.030715
v 0.078103 1.335403 -0.031286
v 0.063024 1.298407 -0.032705
v 0.081698 1.276874 -0.014605
v 0.084445 1.275561 0.004961
v 0.068155 1.277285 0.026777
v 0.082948 1.295617 0.005910
v 0.067503 1.306962 0.032221
v 0.076670 1.307023 0.021280
v 0.081048 1.333361 0.014278
v 0.092997 1.313578 0.001598
v 0.090939 1.331936 -0.001069
v 0.078276 1.324934 -0.023209
v 0.079797 1.335316 -0.017222
v 0.075935 1.348580 0.037707
v 0.080435 1.308840 -0.018465
v 0.087503 1.309952 -0.002914
v 0.084629 1.308963 0.011455
v 0.089629 1.310878 0.003331
v 0.077206 1.367531 0.010349
v 0.083465 1.348354 0.008633
v 0.080840 1.363134 0.018403
v 0.078649 1.362234 0.025424
v 0.077923 1.365753 0.030093
v 0.108243 1.338169 0.000873
v 0.103422 1.342122 -0.008761
v 0.093385 1.376024 -0.003195
v 0.094978 1.383066 0.025636
v 0.080946 1.370603 0.021610
v 0.046608 1.358513 0.055581
v 0.036732 1.340818 0.057509
v 0.027064 1.293145 0.047266
v 0.037850 1.268752 0.026342
v 0.033081 1.348576 0.056358
v -0.004727 1.245656 0.041030
v 0.000532 1.267456 0.038697
v 0.000476 1.319591 0.053552
v 0.022246 1.338956 0.057768
v -0.013842 1.284022 0.042409
v 0.081073 1.367612 -0.012103
v 0.095922 1.383017 -0.010950
v 0.088555 1.423840 -0.003022
v 0.077207 1.421322 0.026325
v 0.067983 1.405597 0.041367
v 0.064162 1.417001 0.041053
v 0.078330 1.366510 -0.022124
v 0.081651 1.371455 -0.028911
v 0.089362 1.386388 -0.039591
v 0.062097 1.412635 -0.044905
v 0.067506 1.404781 -0.047730
v 0.058900 1.387860 -0.053166
v 0.056135 1.402703 -0.052580
v 0.046624 1.370215 -0.056537
v 0.061019 1.380941 0.046977
v 0.057613 1.400367 0.046348
v 0.048467 1.377757 0.049362
v 0.200221 0.952917 0.095706
v 0.209427 0.959449 0.054938
v 0.211770 0.946782 0.060550
v 0.034886 0.067825 -0.047631
v 0.049612 0.456242 -0.106589
v 0.039970 0.074349 -0.095469
v -0.036420 0.059312 -0.120507
v -0.005725 0.446935 -0.127610
v -0.071147 0.425661 -0.076539
v -0.091536 0.055576 -0.061134
v -0.050052 0.540190 -0.016775
v -0.049217 0.420402 -0.031080
v -0.086167 0.183066 -0.025876
v -0.074676 0.054262 -0.025269
v -0.069889 0.052332 -0.019022
v -0.080396 0.135455 -0.024993
v -0.003963 0.393017 -0.014188
v 0.067747 0.397141 -0.053167
v 0.094921 0.671578 -0.056177
v -0.106403 0.684249 -0.018965
v -0.104309 0.687659 -0.057655
v -0.115298 0.744581 -0.000418
v -0.088352 0.741945 -0.099989
v 0.001226 0.728050 -0.135393
v 0.093859 0.731433 -0.065651
v 0.097621 0.678852 0.000413
v 0.077365 0.662332 -0.010048
v 0.008752 0.667530 0.004036
v -0.050066 0.600567 -0.017329
v -0.053316 0.394156 -0.025671
v -0.077952 0.293635 -0.024238
v -0.106403 0.684249 -0.018965
v 0.095315 0.734100 0.000287
v 0.206078 0.953860 0.089476
v 0.212459 0.955824 0.053450
v 0.207932 0.963617 0.066932
v 0.175216 0.879230 -0.009065
v 0.211786 0.859509 -0.046361
v 0.229432 0.844914 -0.031405
v 0.254609 0.801626 0.003644
v 0.225994 0.821099 -0.042813
v 0.247926 0.790805 -0.007452
v 0.249239 0.771988 0.014790
v 0.237545 0.758847 0.031254
v 0.248283 0.786739 0.018864
v 0.248519 0.776621 0.031657
v 0.231132 0.755655 0.053333
v 0.240315 0.770830 0.054904
v 0.245703 0.798165 0.033630
v 0.242153 0.830749 0.043651
v 0.189419 0.866134 0.001360
v 0.198078 0.854696 0.018686
v 0.175884 0.844448 0.015090
v 0.201093 0.831148 0.027012
v 0.230357 0.827120 0.055671
v 0.237372 0.805278 0.065878
v 0.239032 0.811489 0.047866
v 0.243332 0.790923 0.052174
v 0.000795 1.228922 0.084526
v 0.047788 1.192892 0.059918
v -0.000467 1.234068 0.068376
v 0.013514 1.235143 0.041835
v 0.023515 1.258800 0.041914
v 0.039824 1.251175 0.032817
v 0.065700 1.200355 0.021480
v 0.056753 1.243674 -0.001550
v 0.041221 1.233711 0.002716
v 0.023846 1.259867 0.041984
v -0.005401 1.257357 0.039961
v -0.036286 1.263728 0.033320
v -0.055404 1.256318 0.037053
v 0.013928 1.236571 0.043857
v -0.060052 1.267790 0.000165
v -0.072361 1.256346 0.000460
v 0.138983 0.006489 -0.101761
v 0.117902 0.001135 -0.125638
v 0.128907 0.001135 -0.071546
v 0.092051 0.000709 -0.049810
v 0.066999 0.000709 -0.132814
v -0.085371 0.000863 -0.052352
v -0.056858 0.000555 -0.031100
v -0.069867 0.000555 -0.088802
v 0.066999 0.000666 -0.132814
v 0.092262 0.000065 -0.047525
v 0.126417 0.019557 -0.073812
v 0.133456 0.000719 -0.063287
v 0.113573 0.044827 -0.066329
v -0.049609 0.000610 -0.028974
v 0.021122 0.060457 -0.033790
v -0.052436 0.054223 -0.031700
v -0.086767 0.000788 -0.065477
v -0.091672 0.057246 -0.056132
v -0.058319 0.055562 -0.096840
v 0.105529 0.000417 -0.136315
v 0.009054 0.063945 -0.128779
v 0.101913 0.030931 -0.103067
v 0.142385 0.006795 -0.101787
v 0.112296 0.042261 -0.069796
v 0.128112 0.002046 -0.073340
v -0.020009 0.063126 -0.123337
v -0.058924 0.055840 -0.096286
v 0.005074 0.068213 -0.112088
v 0.040854 0.074454 -0.071074
v 0.060292 0.102926 -0.084404
v 0.019481 0.061665 -0.039782
v -0.060176 0.062084 -0.030113
v 0.087953 0.732691 0.090711
v 0.110675 0.662832 0.004549
v 0.095905 0.733802 0.004599
v 0.092324 0.663511 0.097141
v 0.002401 0.664800 0.144550
v -0.023141 0.730775 0.142409
v -0.107929 0.671368 0.074849
v -0.084573 0.805801 0.088068
v -0.120693 0.669900 -0.055783
v -0.104483 0.809212 -0.043815
v -0.088352 0.670020 -0.107654
v -0.082659 0.737330 -0.100789
v -0.007125 0.657381 -0.140532
v 0.015691 0.727424 -0.140053
v 0.075233 0.658889 -0.108023
v 0.085771 0.731019 -0.058539
v 0.112738 0.660747 -0.004063
v 0.097149 0.733802 -0.004167
v -0.011221 0.792294 0.114221
v -0.070077 0.797673 -0.100664
v -0.060176 0.062084 -0.030113
v -0.080868 0.058203 -0.040935
v -0.089906 0.053261 -0.058078
v -0.056494 1.237453 -0.121537
v -0.084306 1.167304 -0.167348
v -0.061161 1.208762 -0.174592
v -0.078109 1.211940 -0.090182
v -0.057521 1.102057 -0.114951
v -0.105556 1.128322 -0.096886
v -0.034328 1.097407 -0.096953
v -0.135113 1.131538 -0.059123
v -0.099589 0.979898 -0.097880
v 0.028595 0.957654 -0.135147
v 0.029668 1.113084 -0.121919
v 0.052110 1.122445 -0.131322
v 0.062712 0.970101 -0.103534
v 0.063683 1.015744 -0.105171
v 0.035716 1.115625 -0.131660
v 0.092084 1.088944 -0.049516
v 0.026617 1.174614 -0.150351
v 0.050596 1.187810 -0.060008
v -0.019969 1.220999 -0.176961
v -0.006809 1.229351 -0.106734
v -0.056878 1.238209 -0.119385
v -0.060717 1.210983 -0.175063
v 0.095905 0.733802 0.004599
v 0.109410 0.662377 0.010153
v 0.105834 0.731646 0.014807
v 0.138807 0.258773 0.000490
v 0.076978 0.653278 -0.098983
v 0.115637 0.662250 -0.000910
v 0.124376 0.254886 -0.091517
v 0.055519 0.257288 -0.164819
v 0.007153 0.650129 -0.149101
v -0.045231 0.259944 -0.179121
v -0.162148 0.270330 -0.085410
v -0.114062 0.665276 -0.063941
v -0.121510 0.679747 0.049667
v -0.139933 0.268007 0.104330
v -0.077646 0.669151 0.104362
v -0.000493 0.671466 0.151793
v -0.000736 0.258179 0.185742
v 0.125534 0.257294 0.122117
v 0.088807 0.664125 0.112049
v 0.140328 0.258744 0.011109
v 0.109410 0.662377 0.010153
v 0.115637 0.662250 -0.000910
v 0.097098 0.733836 -0.001811
v 0.109571 0.740245 0.005063
v 0.109246 0.731950 0.008054
v -0.018755 0.796227 0.130048
v -0.022478 0.731010 0.141178
v -0.083470 0.805251 0.085295
v -0.130464 0.748719 0.002900
v -0.104928 0.807689 -0.000396
v -0.017556 1.259557 -0.039570
v 0.025037 1.243984 -0.027846
v -0.046299 1.260825 -0.027965
v -0.054699 1.267594 0.000460
v -0.045959 1.262646 0.028146
v -0.010997 1.247503 0.042880
v 0.044770 1.234773 0.006087
v 0.053611 1.316459 0.021955
v 0.077847 1.318656 0.014721
v 0.053781 1.306466 0.021894
v 0.075292 1.308540 0.016470
v 0.073583 1.306582 -0.016413
v 0.070023 1.307134 -0.021758
v 0.073814 1.301908 -0.016119
v 0.075199 1.298184 -0.012628
v 0.052414 1.295855 -0.027130
v 0.051935 1.305513 -0.025549
v 0.053073 1.315437 0.020223
v 0.052819 1.316327 -0.017901
v 0.050321 1.307015 -0.023388
v 0.052334 1.296524 -0.021341
v 0.052399 1.296304 0.014899
v -0.104937 0.808455 -0.000111
v -0.127402 0.746504 -0.001648
v -0.096568 0.808015 -0.060414
v -0.069220 0.797465 -0.098407
v -0.080034 0.739058 -0.096366
v 0.000416 1.228562 -0.082969
v -0.000913 1.233285 -0.066275
v 0.052324 1.191098 -0.059515
v 0.000053 1.360764 -0.064622
v -0.002935 1.353611 -0.061729
v 0.008765 1.361933 -0.065470
v 0.034546 1.224000 -0.004143
v 0.026339 1.234687 0.022225
v 0.023979 1.235727 -0.026356
v -0.000244 1.357125 0.059007
v 0.002822 1.364630 0.061634
v 0.011263 1.365657 0.062050
v 0.068308 1.196940 -0.019736
v 0.073328 1.220450 -0.037740
v 0.044603 1.236915 -0.001299
v -0.013102 1.370231 -0.068600
v -0.007921 1.360831 -0.065460
v -0.001342 1.367614 -0.067798
v 0.055156 1.204866 -0.000460
v 0.044496 1.219876 0.011617
v 0.045864 1.220650 -0.012720
v 0.069605 1.306716 0.018622
v 0.052033 1.295617 0.022103
v 0.073215 1.306874 0.014195
v 0.073560 1.297424 0.007512
v 0.078885 1.306794 0.009799
v 0.086936 1.122047 -0.023957
v 0.060446 1.204305 -0.007932
v 0.021106 1.222751 -0.038200
v 0.045864 1.220650 -0.012720
v 0.068308 1.196940 -0.019736
v 0.050329 1.231706 -0.007951
v 0.055393 1.229392 0.008515
v -0.004885 1.364905 0.062961
v -0.009993 1.375212 0.065936
v 0.001624 1.371964 0.064953
v 0.014042 1.236649 -0.045981
v 0.023913 1.259783 -0.040967
v -0.060231 1.257407 -0.037821
v -0.050664 1.283692 -0.036030
v 0.012110 1.235616 -0.039960
v 0.039824 1.251081 -0.031568
v 0.023515 1.258799 -0.040994
v 0.066575 1.197923 -0.019524
v 0.056408 1.243931 0.001634
v 0.041221 1.233711 0.002716
v 0.024255 1.243412 -0.027659
v -0.027807 1.262433 -0.038589
v -0.055478 1.268314 0.001116
v -0.072361 1.256346 0.000460
v 0.080374 1.298142 -0.000962
v 0.076243 1.299451 0.007095
v 0.081795 1.301913 -0.000791
v 0.080166 1.301997 0.004400
v 0.075199 1.298184 -0.012628
v 0.077885 1.300117 -0.001260
v 0.077428 1.301298 -0.009810
v 0.080093 1.302181 -0.006566
v 0.069084 1.306299 -0.021941
v 0.073567 1.306730 -0.016493
v 0.052438 1.295645 -0.025444
v 0.073547 1.297765 -0.011407
v 0.078528 1.306159 -0.011574
v 0.051942 1.305371 0.022262
v 0.068839 1.306843 0.013943
v 0.053071 1.295553 0.027086
v 0.073290 1.302047 0.014418
v 0.076968 1.299138 0.004377
v 0.078283 1.301749 0.010011
v 0.080050 1.315686 -0.013973
v 0.079886 1.318698 -0.010680
v 0.076072 1.316528 -0.019212
v 0.054648 1.316574 -0.033186
v 0.073668 1.308995 -0.018525
v 0.053519 1.306582 -0.025143
v 0.080168 1.309483 -0.003691
v 0.084298 1.314322 -0.000807
v 0.081859 1.317167 -0.006464
v 0.077847 1.318656 0.014721
v 0.079772 1.318269 0.009114
v 0.079256 1.316458 0.010905
v 0.079886 1.318698 -0.010680
v 0.082842 1.313592 -0.009272
v 0.081033 1.318416 -0.004098
v 0.080951 1.309949 0.000535
v 0.082859 1.314142 0.005697
v 0.081341 1.316774 0.002232
v 0.080701 1.317075 0.009360
v 0.083391 1.314293 0.006233
v 0.080410 1.310333 0.008230
v 0.107323 0.964873 0.143483
v 0.098141 0.952641 0.164046
v 0.094398 0.945251 0.152122
v 0.192047 0.940382 0.113564
v 0.191524 0.960051 0.113230
v 0.200032 0.951392 0.095936
v 0.184179 0.970496 0.124892
v 0.190781 0.913585 0.129085
v 0.198687 0.939773 0.098132
v 0.200302 0.927298 0.097825
v 0.193218 0.920601 0.108178
v 0.195642 0.909732 0.097644
v 0.190597 0.919989 0.066340
v 0.183458 0.904728 0.120560
v 0.140878 0.887650 0.149244
v 0.112984 0.886926 0.163496
v 0.107039 0.942884 0.178734
v 0.142800 0.983418 0.125404
v 0.114117 0.958389 0.154612
v 0.126629 0.991854 0.119816
v 0.114144 0.963327 0.132997
v 0.120102 0.985051 0.109131
v 0.150319 0.994208 0.081069
v 0.098141 0.952641 0.164046
v 0.124734 0.953210 0.153319
v 0.124748 0.985569 0.104047
v 0.118337 0.969700 0.138276
v 0.134555 0.973108 0.131808
v 0.148900 1.005100 0.082996
v 0.144435 0.970906 0.124328
v 0.102769 0.903518 0.150358
v 0.094398 0.945251 0.152122
v 0.134740 0.898636 0.149825
v 0.191691 0.918643 0.106304
v 0.194089 0.936760 0.107531
v 0.192800 0.957791 0.109554
v 0.206625 0.956055 0.089637
v 0.201691 0.937931 0.091372
v 0.180820 0.970054 0.119248
v 0.181259 0.900972 0.121606
v 0.194653 0.910415 0.098094
v 0.194175 0.925556 0.080975
v 0.193204 0.918742 0.062669
v 0.181454 0.968027 0.121510
v 0.203727 0.980896 0.085479
v 0.193983 0.963703 0.114424
v 0.207397 0.974182 0.062706
v 0.186216 0.967158 0.124227
v 0.190361 0.963212 0.114039
v 0.191517 0.979933 0.107784
v 0.213651 0.980250 0.060900
v 0.199770 0.964626 0.098158
v 0.097009 0.921627 0.146917
v 0.116919 0.938814 0.117159
v 0.111802 0.904427 0.154374
v 0.153821 0.911690 0.168888
v 0.102073 0.942361 0.155835
v 0.138178 0.968406 0.166139
v 0.113134 0.969939 0.131749
v 0.101262 0.933435 0.112837
v 0.097009 0.921627 0.146917
v 0.100393 0.933083 0.111689
v 0.109698 0.962866 0.129217
v -0.021260 0.923842 0.170786
v -0.045229 0.958237 0.213313
v -0.049682 0.955079 0.244727
v 0.132719 0.975123 0.162807
v 0.152030 0.910683 0.174026
v -0.076037 0.957627 0.265243
v -0.117992 0.912990 0.221169
v -0.084125 0.890480 0.204688
v 0.116623 0.892044 0.123688
v -0.058441 0.943655 0.166040
v 0.101179 0.931559 0.112215
v 0.052740 1.316750 0.023628
v 0.078475 1.307382 0.018766
v 0.089922 1.311933 0.000516
v 0.086675 1.307072 0.011579
v 0.052637 1.295925 0.014944
v 0.079073 1.308280 -0.020217
v 0.052748 1.315906 -0.018538
v 0.079307 1.360882 0.020504
v 0.080477 1.370242 0.022483
v 0.079401 1.367027 0.007883
v 0.077674 1.364495 0.031278
v 0.077621 1.367018 -0.039922
v 0.078987 1.362849 -0.030113
v 0.078206 1.371937 -0.033589
v 0.078420 1.367688 -0.020177
vn -0.5112 0.1577 -0.8448
vn 0.1869 0.8191 -0.5424
vn 0.0953 -0.5577 -0.8245
vn -0.4694 0.8786 -0.0878
vn -0.0818 0.6197 0.7805
vn -0.6848 -0.0347 0.7279
vn 0.2465 -0.8073 0.5362
vn -0.6027 0.7552 0.2578
vn -0.2347 -0.9703 0.0587
vn 0.0952 -0.5577 -0.8246
vn 0.0488 -0.9988 0.0104
vn 0.0014 -1.0000 0.0029
vn 0.0003 -1.0000 0.0003
vn -0.0030 -1.0000 0.0018
vn -0.0019 -1.0000 -0.0045
vn -0.0023 -1.0000 -0.0032
vn -0.2011 -0.8022 0.5622
vn 0.6054 -0.7236 0.3316
vn -0.0683 -0.9899 -0.1246
vn -0.0602 -0.5468 -0.8351
vn -0.0428 -0.9814 -0.1871
vn 0.3441 -0.9180 0.1971
vn -0.5734 -0.8193 -0.0084
vn 0.3198 -0.9324 0.1684
vn -0.2010 -0.8022 0.5622
vn -0.1444 0.6793 0.7195
vn 0.6919 -0.1009 0.7149
vn 0.1527 -0.9852 -0.0783
vn 0.3060 -0.9448 -0.1174
vn 0.2149 0.9660 -0.1437
vn 0.3211 0.2738 -0.9066
vn 0.2522 0.1049 -0.9620
vn 0.9219 0.3857 0.0375
vn -0.2075 0.1566 -0.9656
vn 0.6632 -0.0676 -0.7454
vn -0.5790 -0.2684 -0.7699
vn -0.9360 -0.2609 0.2363
vn -0.7547 -0.2593 0.6027
vn 0.2955 0.1881 0.9366
vn -0.2505 0.1021 0.9627
vn 0.3018 0.2092 0.9301
vn 0.8367 0.5126 0.1925
vn 0.7288 0.6388 0.2466
vn 0.8533 0.0716 -0.5165
vn 0.6169 0.4480 -0.6471
vn 0.9261 0.1111 -0.3606
vn -0.0399 0.8639 -0.5021
vn 0.5607 -0.0715 -0.8249
vn 0.1566 0.8616 0.4829
vn -0.0195 0.9917 0.1269
vn 0.3164 0.7160 0.6223
vn 0.4913 0.7496 0.4436
vn -0.8927 0.1135 -0.4360
vn -0.5700 -0.4223 -0.7048
vn -0.7139 -0.2759 -0.6435
vn -0.7043 0.3843 -0.5969
vn -0.5606 -0.0180 -0.8279
vn -0.3949 0.0664 0.9163
vn -0.3302 0.2345 0.9143
vn 0.9791 -0.0488 -0.1976
vn 0.3962 0.3488 -0.8493
vn 0.0473 0.9740 -0.2213
vn 0.0621 0.7217 -0.6894
vn 0.0325 -0.3479 -0.9370
vn 0.1696 -0.5263 -0.8332
vn 0.9024 -0.4137 0.1207
vn 0.6291 -0.0094 0.7772
vn 0.8104 -0.1120 0.5750
vn 0.2628 0.2829 0.9224
vn -0.2485 0.5433 0.8020
vn -0.7742 0.3999 0.4905
vn -0.9175 -0.2556 -0.3047
vn -0.4149 -0.7907 0.4501
vn 0.7403 -0.1069 0.6637
vn -0.1051 0.8171 0.5669
vn 0.3718 0.8329 0.4099
vn -0.2762 0.9145 0.2957
vn -0.0660 0.6705 0.7390
vn 0.1579 0.7982 0.5814
vn 0.9929 0.1138 0.0337
vn -0.6624 -0.6101 -0.4348
vn -0.9266 0.0871 -0.3658
vn -0.4283 -0.8203 -0.3790
vn -0.9632 0.1747 0.2040
vn -0.4053 -0.8326 -0.3775
vn -0.0415 -0.9277 -0.3709
vn 0.3236 -0.8884 -0.3256
vn 0.2542 0.7759 -0.5774
vn -0.2503 0.9521 -0.1755
vn 0.4439 0.8789 0.1747
vn 0.5724 0.7884 -0.2252
vn 0.5413 0.6132 0.5754
vn -0.1501 0.8984 0.4128
vn 0.8959 -0.0165 0.4440
vn -0.2101 0.0337 0.9771
vn 0.7045 0.0378 0.7087
vn -0.1209 -0.0192 0.9925
vn 0.7256 -0.0492 0.6863
vn 0.9552 -0.2022 -0.2161
vn 0.8087 -0.0684 -0.5842
vn 0.3390 -0.1056 -0.9348
vn 0.0510 -0.2189 -0.9744
vn -0.4064 -0.0188 -0.9135
vn 0.7287 0.1444 -0.6694
vn 0.6715 -0.5701 -0.4734
vn 0.9848 -0.1730 0.0125
vn 0.7718 -0.6220 0.1320
vn -0.8866 -0.1543 0.4360
vn -0.3458 0.0535 -0.9368
vn -0.9646 -0.2153 0.1524
vn -0.9401 -0.3380 0.0441
vn -0.4851 0.0802 -0.8708
vn 0.1071 0.1947 -0.9750
vn 0.3080 -0.0681 -0.9489
vn 0.9936 -0.0935 0.0635
vn -0.2974 0.0167 0.9546
vn -0.9839 0.0510 0.1714
vn -0.8741 -0.0871 -0.4778
vn -0.1639 -0.3855 -0.9080
vn -0.6486 0.1132 -0.7526
vn -0.5445 0.1249 -0.8294
vn -0.9909 0.0405 0.1285
vn -0.8420 0.1379 -0.5216
vn -0.4958 -0.4243 -0.7577
vn -0.2596 -0.0547 -0.9642
vn 0.8947 0.1674 -0.4140
vn 0.9529 -0.2017 -0.2266
vn 0.6986 -0.5353 -0.4748
vn 0.9888 0.0286 0.1463
vn 0.7785 0.0823 0.6222
vn 0.9811 0.0884 0.1721
vn 0.9226 0.0368 0.3840
vn 0.3272 0.0620 0.9429
vn -0.0744 0.0766 0.9943
vn -0.8432 0.0608 -0.5342
vn -0.3006 0.0693 -0.9512
vn -0.9176 0.1312 -0.3752
vn -0.8966 0.0721 0.4370
vn -0.7780 0.1526 0.6095
vn -0.4536 -0.1056 0.8850
vn 0.6158 -0.0247 0.7875
vn 0.9340 0.0919 0.3453
vn -0.9964 -0.0655 -0.0544
vn -0.9812 0.0347 0.1897
vn 0.8253 -0.0225 0.5642
vn 0.2327 -0.1010 0.9673
vn -0.2335 -0.0719 0.9697
vn 0.8214 -0.0940 -0.5626
vn 0.9597 0.1935 -0.2037
vn 0.7310 0.0191 -0.6821
vn 0.8333 0.0296 -0.5520
vn 0.3547 0.0155 -0.9349
vn 0.3129 0.0754 -0.9468
vn -0.2508 -0.0059 -0.9680
vn -0.9012 -0.1453 -0.4082
vn -0.9984 -0.0187 0.0540
vn -0.9448 -0.0024 0.3277
vn 0.0075 -0.1659 0.9861
vn 0.8273 0.0779 -0.5564
vn 0.5730 -0.0971 -0.8138
vn 0.6650 -0.7311 -0.1526
vn 0.3963 -0.3391 -0.8532
vn 0.9438 0.0237 -0.3296
vn 0.9543 -0.0211 -0.2981
vn 0.9940 -0.1084 0.0112
vn -0.9246 0.3708 0.0873
vn -0.9960 0.0727 0.0514
vn -0.9821 0.1841 0.0388
vn -0.9302 0.3669 0.0113
vn -0.5751 0.7080 0.4098
vn -0.7757 0.6298 -0.0401
vn -0.6413 0.6187 -0.4538
vn -0.8864 0.4616 -0.0359
vn -0.9714 0.1218 -0.2038
vn 0.9324 0.3614 -0.0009
vn 0.9313 0.3382 0.1351
vn 0.9613 0.2754 0.0093
vn 0.9176 0.3603 -0.1680
vn -0.3810 0.7483 0.5429
vn -0.2807 0.8950 0.3466
vn -0.5912 0.8057 0.0366
vn 0.3146 0.9101 0.2696
vn 0.7430 0.6022 0.2920
vn 0.8725 0.3760 0.3121
vn 0.8963 0.0803 0.4362
vn -0.1712 -0.2996 0.9386
vn -0.8351 -0.2012 -0.5120
vn -0.9897 -0.0969 0.1055
vn -0.7903 -0.2477 -0.5604
vn 0.4829 0.8441 0.2330
vn -0.4824 0.8755 0.0267
vn -0.0049 0.7634 0.6459
vn 0.5680 0.7622 0.3106
vn 0.7635 0.5402 0.3538
vn -0.0972 -0.0351 0.9946
vn 0.8161 0.4357 0.3797
vn 0.8944 -0.3275 0.3045
vn 0.8048 0.5486 0.2266
vn -0.3781 -0.7795 0.4994
vn 0.4206 0.9054 0.0584
vn 0.3853 -0.3924 -0.8352
vn -0.7304 -0.6658 -0.1523
vn -0.8139 -0.5741 -0.0890
vn -0.8479 -0.4534 -0.2747
vn 0.9335 -0.0703 -0.3516
vn 0.8943 0.0573 -0.4438
vn 0.8533 0.5191 -0.0493
vn 0.8119 0.5821 -0.0438
vn 0.6014 0.7872 -0.1367
vn 0.4903 0.7673 -0.4134
vn 0.3574 0.0297 -0.9335
vn -0.3813 0.8782 -0.2888
vn -0.9167 0.3848 0.1078
vn -0.4045 -0.9110 0.0801
vn -0.6741 -0.7384 -0.0183
vn 0.0561 0.9984 0.0104
vn 0.5348 0.8432 0.0549
vn 0.0188 -0.8254 0.5642
vn 0.7821 0.0465 0.6214
vn 0.3250 0.2456 0.9133
vn 0.0805 -0.5660 0.8205
vn 0.7544 -0.4774 0.4505
vn 0.1407 -0.9435 0.3000
vn 0.7610 0.0104 0.6487
vn -0.2546 -0.1452 0.9561
vn 0.4410 -0.0605 0.8954
vn 0.1991 0.9560 -0.2156
vn -0.2302 0.9721 -0.0443
vn 0.1056 0.9894 -0.0992
vn 0.4021 0.9155 0.0166
vn 0.6250 0.7749 0.0940
vn 0.7535 0.5073 0.4182
vn 0.7641 0.3093 0.5662
vn 0.8317 0.5003 0.2407
vn 0.8375 0.3679 0.4040
vn 0.9163 0.2267 -0.3301
vn 0.7736 -0.3652 0.5179
vn 0.2081 0.0480 -0.9769
vn -0.8552 0.3298 -0.3999
vn -0.9952 0.0968 -0.0132
vn -0.6927 -0.2210 0.6866
vn -0.9955 -0.0795 0.0513
vn -0.6261 -0.0629 0.7772
vn -0.2714 -0.1839 0.9447
vn -0.1981 -0.1698 0.9653
vn 0.0259 -0.1341 0.9906
vn 0.1521 -0.1060 0.9827
vn -0.9299 0.0517 0.3641
vn -0.9347 0.2852 0.2121
vn -0.9563 0.0052 0.2925
vn -0.6060 -0.1995 0.7700
vn -0.4081 -0.5896 0.6970
vn 0.0245 -0.0850 0.9961
vn -0.8632 0.0220 0.5043
vn 0.0333 -0.0647 0.9973
vn -0.3854 0.8778 0.2843
vn -0.6766 0.0891 0.7310
vn -0.5314 0.7154 0.4536
vn -0.2807 0.9598 -0.0058
vn -0.1597 0.9824 0.0969
vn -0.0224 0.9692 0.2454
vn -0.1028 0.5188 0.8487
vn 0.1646 -0.0420 0.9855
vn 0.2280 -0.0327 0.9731
vn 0.1871 -0.0491 0.9811
vn 0.1065 -0.1006 0.9892
vn -0.8503 -0.0338 0.5252
vn 0.2927 -0.9372 0.1894
vn 0.1498 -0.9254 0.3481
vn 0.0145 -0.4773 0.8786
vn -0.4196 -0.8631 0.2810
vn 0.4709 -0.8822 0.0002
vn 0.4829 -0.1148 -0.8681
vn -0.9014 -0.2161 -0.3752
vn -0.4412 -0.1344 -0.8873
vn -0.1995 0.1583 -0.9670
vn -0.0449 0.4978 -0.8662
vn 0.2596 0.1081 -0.9596
vn 0.2221 0.4728 -0.8527
vn 0.6267 0.5992 -0.4981
vn 0.1599 0.9447 -0.2863
vn 0.2713 0.9608 0.0572
vn 0.3711 0.5601 0.7406
vn 0.3249 0.0887 0.9416
vn 0.1913 -0.0752 0.9787
vn 0.2965 0.0367 0.9543
vn 0.8617 0.5007 0.0824
vn 0.2445 0.0299 0.9692
vn 0.4469 0.2630 0.8550
vn 0.3939 0.4224 0.8163
vn 0.5094 0.1613 0.8453
vn 0.6501 0.3326 0.6832
vn 0.9887 0.1310 -0.0723
vn 0.8107 0.2342 -0.5366
vn -0.2519 0.5374 -0.8048
vn 0.4963 0.1343 -0.8577
vn 0.7312 0.4371 0.5237
vn 0.2080 0.0212 -0.9779
vn 0.1102 -0.1251 -0.9860
vn 0.2316 0.0056 -0.9728
vn 0.0396 0.0790 -0.9961
vn 0.0356 -0.2260 -0.9735
vn -0.2351 0.9062 -0.3513
vn 0.1430 -0.7170 0.6822
vn 0.0047 -0.2174 0.9761
vn -0.5592 0.8241 0.0900
vn -0.4572 -0.4025 -0.7931
vn -0.4174 -0.4399 -0.7952
vn -0.3571 -0.4305 -0.8290
vn -0.3434 -0.4132 -0.8434
vn -0.5519 -0.2708 0.7888
vn -0.3108 -0.3463 0.8851
vn -0.3876 -0.2543 0.8861
vn -0.5752 -0.1360 0.8067
vn 0.6035 0.6458 0.4678
vn 0.7322 0.4007 0.5508
vn 0.5343 0.6496 0.5409
vn 0.6850 0.3238 0.6526
vn 0.0726 -0.4074 -0.9104
vn 0.0912 -0.4227 -0.9017
vn 0.0923 -0.4074 -0.9086
vn 0.0725 -0.4074 -0.9103
vn 0.0726 -0.4074 -0.9103
vn 0.6921 -0.3238 -0.6451
vn -0.1819 -0.8253 -0.5346
vn -0.0833 -0.8617 -0.5005
vn 0.3346 -0.6908 -0.6410
vn 0.9502 0.2194 -0.2214
vn 0.8456 0.5330 -0.0281
vn -0.0142 0.7555 0.6550
vn -0.4486 0.3728 0.8123
vn -0.8854 -0.1461 0.4413
vn -0.7868 -0.6156 -0.0439
vn -0.2308 -0.9337 -0.2737
vn -0.3932 -0.8162 -0.4233
vn 0.0982 0.3866 0.9170
vn 0.9049 -0.0291 0.4246
vn 0.3718 0.1201 -0.9205
vn 0.3696 0.4524 0.8116
vn -0.3696 -0.1318 -0.9198
vn 0.0552 0.1701 -0.9839
vn -0.2789 0.0504 -0.9590
vn -0.6804 -0.2783 -0.6780
vn -0.7780 -0.6137 0.1345
vn -0.5139 -0.3348 -0.7898
vn -0.4109 -0.5345 0.7386
vn -0.7698 -0.4147 0.4852
vn -0.5468 -0.6084 0.5752
vn -0.3575 -0.7451 -0.5630
vn 0.3572 0.0407 -0.9331
vn 0.5061 0.8428 -0.1829
vn -0.0932 0.1880 0.9777
vn -0.2883 -0.0877 0.9535
vn 0.3583 -0.2227 0.9067
vn -0.0935 -0.2488 0.9640
vn 0.4152 -0.1686 0.8940
vn -0.2896 -0.5605 0.7759
vn -0.1355 -0.3533 0.9256
vn -0.5505 -0.5254 0.6488
vn -0.5771 -0.7147 0.3951
vn -0.7940 0.2786 0.5403
vn -0.9173 -0.0241 -0.3974
vn -0.8951 -0.0475 -0.4433
vn -0.9174 -0.0345 -0.3964
vn -0.9928 -0.1046 -0.0591
vn -0.8595 0.4555 -0.2317
vn -0.7528 -0.2188 -0.6208
vn -0.7072 -0.1621 -0.6882
vn -0.9611 -0.2229 -0.1632
vn -0.6252 -0.0094 -0.7804
vn -0.6125 0.0888 -0.7854
vn -0.6140 0.6354 -0.4683
vn -0.1540 0.9878 0.0217
vn -0.1206 0.9917 -0.0442
vn -0.0472 0.9978 0.0462
vn -0.3532 -0.1957 -0.9148
vn -0.0097 -0.1478 -0.9890
vn 0.0132 -0.2609 -0.9653
vn 0.2152 -0.2380 -0.9471
vn 0.1357 -0.3876 0.9118
vn 0.1291 -0.3692 0.9203
vn 0.1235 -0.3835 0.9153
vn 0.1308 -0.3817 0.9150
vn -0.9977 -0.0666 0.0094
vn -0.7218 -0.6892 -0.0626
vn -0.2716 -0.8921 -0.3612
vn -0.9580 0.2852 0.0301
vn -0.6674 0.3357 0.6648
vn -0.9728 0.0069 -0.2315
vn -0.9721 0.0048 -0.2346
vn -0.8792 -0.4686 0.0861
vn -0.5421 -0.7915 0.2824
vn -0.9163 -0.3941 0.0714
vn -0.5889 -0.5524 0.5900
vn 0.5850 -0.4228 0.6921
vn -0.9083 0.4142 0.0591
vn -0.8048 0.5713 -0.1613
vn -0.8189 -0.5552 0.1457
vn -0.8877 -0.4554 -0.0684
vn -0.6970 -0.6803 0.2268
vn -0.8156 -0.2211 0.5347
vn -0.9363 -0.3494 -0.0350
vn -0.0779 -0.4383 -0.8955
vn 0.2092 -0.3552 -0.9111
vn 0.2551 -0.3459 -0.9029
vn 0.6340 0.6854 0.3582
vn 0.2164 -0.2000 -0.9556
vn 0.6103 -0.4695 -0.6381
vn 0.5491 -0.8357 0.0079
vn 0.8039 -0.5695 -0.1716
vn 0.5224 -0.2478 -0.8159
vn 0.3839 -0.4941 -0.7801
vn 0.4570 -0.3419 -0.8212
vn 0.6252 -0.2295 -0.7460
vn 0.3016 -0.1537 -0.9410
vn 0.2722 -0.1037 -0.9566
vn 0.3529 -0.1651 -0.9210
vn 0.7291 -0.2461 -0.6386
vn 0.9747 -0.0892 -0.2051
vn 0.9003 -0.2169 -0.3773
vn 0.5576 -0.1904 -0.8080
vn 0.7558 -0.4600 -0.4660
vn 0.8167 -0.5354 0.2154
vn 0.5092 -0.5416 0.6689
vn 0.9803 -0.1047 0.1677
vn 0.6217 -0.1781 0.7627
vn 0.7652 -0.1387 0.6287
vn 0.8143 -0.0775 0.5752
vn 0.9079 -0.3976 0.1328
vn 0.7949 -0.6033 -0.0638
vn 0.8669 -0.1426 -0.4777
vn 0.8610 -0.0429 -0.5067
vn 0.7771 -0.0506 0.6274
vn 0.7474 -0.3392 -0.5713
vn 0.6408 -0.7401 -0.2042
vn 0.7850 -0.3001 0.5419
vn 0.9053 -0.4243 0.0184
vn 0.9902 0.1283 0.0561
vn 0.7374 0.1843 0.6498
vn 0.9046 -0.2481 0.3467
vn 0.9679 0.0425 0.2477
vn 0.8033 -0.2633 0.5342
vn 0.7047 -0.1345 -0.6967
vn 0.8906 -0.4002 0.2161
vn 0.9312 -0.3628 -0.0357
vn 0.8844 -0.1495 0.4422
vn 0.7062 -0.7048 -0.0678
vn 0.4662 -0.0265 0.8843
vn 0.2667 -0.1675 0.9491
vn 0.1263 -0.3151 0.9406
vn 0.4088 -0.6291 0.6611
vn -0.0785 0.0782 0.9938
vn 0.5015 -0.4573 0.7344
vn 0.1748 -0.2621 0.9491
vn -0.1252 -0.1988 0.9720
vn 0.2204 -0.4236 0.8786
vn -0.1755 -0.2000 0.9639
vn 0.8290 -0.2649 -0.4926
vn 0.9743 -0.1907 -0.1196
vn 0.9824 0.1605 -0.0953
vn 0.7611 0.2930 0.5787
vn 0.5909 0.1593 0.7908
vn 0.5762 0.3478 0.7396
vn 0.9109 0.3677 -0.1875
vn 0.8187 -0.5392 -0.1972
vn 0.8062 0.0246 -0.5912
vn 0.5937 0.6289 -0.5019
vn 0.6028 0.3940 -0.6938
vn 0.4268 -0.0073 -0.9043
vn 0.3620 0.1624 -0.9179
vn 0.3525 0.1730 -0.9197
vn 0.3407 0.0980 0.9350
vn 0.4104 0.0542 0.9103
vn 0.1496 0.3124 0.9381
vn 0.9876 0.0119 0.1568
vn 0.9231 0.2735 0.2704
vn 0.7902 0.0589 0.6100
vn 0.8939 0.0017 -0.4482
vn 0.6437 -0.1213 -0.7556
vn 0.7662 0.0825 0.6373
vn -0.3337 0.0745 -0.9397
vn -0.1358 -0.0583 -0.9890
vn -0.9772 -0.0332 -0.2098
vn -0.9890 0.0027 -0.1478
vn -0.6881 0.0299 0.7250
vn -0.6570 -0.1369 0.7414
vn -0.8244 0.0277 0.5653
vn -0.6172 -0.4247 0.6623
vn 0.0972 0.0335 0.9947
vn -0.7040 -0.0055 0.7102
vn 0.1830 0.0024 0.9831
vn 0.9495 -0.0673 0.3066
vn 0.9509 -0.1089 -0.2896
vn -0.9852 0.0303 -0.1690
vn -0.9601 -0.1131 -0.2558
vn -0.8877 -0.3940 0.2380
vn -0.7442 -0.0176 -0.6677
vn 0.0411 -0.0295 -0.9987
vn 0.9070 0.0073 -0.4210
vn 0.9314 -0.3621 0.0358
vn 0.6564 -0.4778 0.5839
vn -0.0344 -0.1638 0.9859
vn -0.5418 -0.1594 0.8252
vn -0.4369 -0.0121 0.8994
vn -0.6218 0.0754 0.7795
vn -0.8011 -0.3610 0.4774
vn 0.2758 -0.9477 -0.1608
vn -0.9279 0.3080 -0.2100
vn -0.9592 -0.2359 -0.1558
vn -0.9623 0.1877 0.1969
vn 0.8221 0.5672 0.0504
vn 0.7619 0.4306 0.4839
vn 0.6840 0.6983 0.2109
vn 0.9846 0.0841 -0.1531
vn 0.8679 0.1017 -0.4863
vn 0.6899 -0.4539 -0.5640
vn 0.8468 0.0220 0.5315
vn 0.9024 0.0543 0.4275
vn 0.4978 -0.8672 0.0122
vn 0.9669 0.0803 0.2423
vn 0.8972 -0.3943 0.1990
vn 0.8800 -0.4483 0.1572
vn 0.9232 0.1933 0.3322
vn 0.6620 0.6084 0.4377
vn -0.6326 0.0045 0.7744
vn -0.3516 0.5614 0.7492
vn -0.1475 0.6819 0.7164
vn -0.2689 0.1448 0.9522
vn 0.0205 0.6772 0.7355
vn 0.9267 0.3363 0.1680
vn 0.7825 -0.4249 0.4552
vn 0.9208 0.3467 0.1786
vn 0.5457 0.7929 0.2712
vn -0.2620 0.9387 0.2241
vn -0.5408 -0.8380 -0.0729
vn 0.5663 0.7722 0.2880
vn 0.5377 0.4960 0.6818
vn 0.3684 -0.0889 0.9254
vn 0.7198 0.2521 0.6468
vn 0.3478 0.9374 0.0174
vn -0.2761 0.9395 -0.2028
vn 0.0074 0.9898 -0.1420
vn 0.2155 0.1652 -0.9624
vn -0.2278 0.7239 0.6512
vn 0.3563 0.8629 0.3583
vn -0.0947 0.0995 0.9905
vn -0.4373 0.8848 0.1609
vn 0.4459 0.8941 -0.0411
vn 0.0486 -0.9988 -0.0104
vn -0.0032 -1.0000 -0.0019
vn -0.0028 -1.0000 -0.0018
vn -0.0030 -1.0000 -0.0019
vn -0.0052 -1.0000 -0.0030
vn -0.0063 -1.0000 -0.0034
vn 0.2858 0.0642 0.9561
vn 0.3585 0.2841 0.8893
vn 0.9052 0.3898 -0.1692
vn -0.2784 0.0276 0.9601
vn -0.0884 -0.2695 0.9589
vn -0.6319 -0.3040 0.7129
vn -0.9771 -0.1791 -0.1151
vn -0.9594 -0.2259 0.1690
vn -0.5995 -0.3237 -0.7320
vn 0.2742 0.5711 -0.7737
vn -0.2725 0.1748 -0.9461
vn 0.2663 0.8712 -0.4124
vn 0.6353 0.7631 -0.1188
vn 0.4950 0.8009 0.3371
vn 0.8255 -0.0280 0.5636
vn -0.1001 0.1960 -0.9755
vn -0.3799 -0.6311 -0.6763
vn 0.2328 -0.9719 -0.0349
vn 0.5511 0.8289 -0.0957
vn 0.6769 -0.7232 0.1370
vn -0.0269 0.8668 0.4980
vn -0.2556 0.6068 0.7527
vn 0.6571 -0.0852 -0.7490
vn -0.3935 -0.6956 -0.6011
vn -0.7947 -0.1817 -0.5792
vn -0.8095 -0.0059 -0.5870
vn -0.0772 0.0188 -0.9968
vn 0.1858 -0.0960 -0.9779
vn 0.8881 -0.0658 -0.4549
vn 0.8027 -0.1907 -0.5650
vn 0.9615 -0.1410 0.2360
vn 0.9758 -0.1457 0.1631
vn 0.6303 -0.1051 0.7692
vn 0.6627 -0.1157 0.7399
vn 0.0083 0.0159 0.9998
vn -0.2224 -0.1007 0.9697
vn -0.7725 -0.0918 0.6283
vn -0.8917 -0.1831 0.4139
vn -0.8449 -0.3307 0.4205
vn 0.0134 -0.2301 0.9731
vn -0.6368 -0.7583 0.1395
vn 0.6477 -0.3357 0.6839
vn 0.4451 -0.4019 0.8002
vn -0.4595 -0.4173 0.7841
vn -0.5045 0.8441 -0.1814
vn -0.7351 0.4585 -0.4994
vn -0.9921 -0.1180 -0.0435
vn -0.8640 0.4635 -0.1966
vn -0.9232 0.2140 -0.3193
vn -0.7392 -0.6734 0.0074
vn -0.4119 -0.5730 -0.7086
vn -0.4185 -0.1738 -0.8914
vn -0.4907 -0.2129 -0.8449
vn -0.4066 0.0932 -0.9088
vn 0.1102 0.0958 -0.9893
vn -0.3638 0.0837 -0.9277
vn -0.6963 0.7152 0.0598
vn 0.8033 -0.0093 -0.5955
vn 0.8980 0.0085 -0.4400
vn 0.9844 0.1680 -0.0525
vn 0.9285 0.1856 -0.3215
vn 0.8523 0.4315 -0.2956
vn 0.7984 0.5877 -0.1310
vn 0.3167 0.9213 -0.2258
vn 0.4494 0.8604 -0.2404
vn 0.1699 0.9778 -0.1223
vn -0.4600 0.7057 -0.5389
vn 0.7669 -0.0075 -0.6418
vn 0.5944 -0.7254 -0.3471
vn 0.9659 -0.0673 -0.2499
vn -0.8867 -0.1560 0.4352
vn -0.8836 -0.2589 0.3900
vn -0.9446 -0.2712 0.1848
vn -0.8321 -0.3398 0.4384
vn -0.3454 -0.1551 0.9255
vn -0.1108 -0.0957 0.9892
vn 0.3570 -0.0086 0.9341
vn 0.9538 -0.2472 0.1709
vn 0.8910 0.1406 0.4317
vn 0.9985 -0.0052 -0.0546
vn 0.7672 0.0227 -0.6410
vn 0.6027 -0.1877 -0.7756
vn 0.2050 -0.0784 -0.9756
vn -0.1230 -0.0706 -0.9899
vn -0.8265 -0.0643 -0.5592
vn -0.7547 -0.1047 -0.6477
vn -0.9372 0.1977 -0.2875
vn -0.9928 0.0534 0.1071
vn 0.0638 0.9352 -0.3484
vn 0.1005 -0.4404 0.8922
vn -0.4628 0.1162 0.8788
vn 0.6656 -0.2700 -0.6958
vn -0.8117 -0.0142 0.5840
vn 0.4276 0.1169 -0.8964
vn -0.4111 -0.8697 -0.2733
vn -0.8883 0.0867 0.4510
vn -0.8320 0.5005 0.2393
vn 0.6012 0.7240 0.3382
vn -0.2337 0.7555 0.6121
vn 0.1831 0.4373 0.8805
vn 0.8157 0.5782 -0.0163
vn 0.7083 0.6088 -0.3573
vn 0.1780 0.7324 -0.6572
vn -0.6224 0.7742 -0.1149
vn 0.2714 0.0284 0.9620
vn 0.2374 0.0475 0.9703
vn 0.2752 0.0122 0.9613
vn 0.1906 0.1130 0.9752
vn 0.4486 -0.5412 -0.7112
vn 0.5900 -0.2263 -0.7751
vn 0.8104 -0.0088 -0.5858
vn 0.4667 -0.4376 -0.7686
vn 0.3044 -0.0669 -0.9502
vn 0.1878 0.1677 -0.9678
vn 0.9976 0.0204 -0.0664
vn 0.6229 -0.7232 0.2982
vn 0.9992 -0.0347 -0.0214
vn 0.7176 0.5955 0.3611
vn 0.6721 0.5838 -0.4554
vn -0.8750 -0.0116 -0.4841
vn -0.9127 0.2287 -0.3387
vn -0.8851 0.4606 -0.0661
vn -0.8782 0.0393 -0.4767
vn -0.8524 0.1556 -0.4992
vn -0.4444 -0.8751 0.1915
vn 0.5171 0.8296 -0.2108
vn -0.5007 -0.8633 0.0627
vn -0.0426 -0.3592 -0.9323
vn -0.0443 -0.3595 -0.9321
vn 0.7641 0.6447 0.0240
vn 0.6635 0.7326 0.1517
vn 0.7705 0.6370 -0.0233
vn -0.0067 -0.3279 0.9447
vn -0.0108 -0.3287 0.9444
vn -0.0060 -0.3264 0.9452
vn 0.3871 -0.9145 0.1173
vn 0.8605 -0.3556 0.3648
vn -0.5395 -0.5128 -0.6678
vn -0.0067 -0.3202 -0.9473
vn 0.5761 -0.2280 0.7850
vn 0.9035 0.4253 -0.0522
vn 0.8177 0.5735 0.0500
vn -0.4929 0.4791 -0.7263
vn -0.5492 0.5542 -0.6255
vn -0.5754 0.7006 -0.4221
vn -0.5491 0.4712 -0.6903
vn -0.5605 0.4562 -0.6911
vn 0.9587 0.0346 -0.2823
vn 0.6853 0.3219 -0.6533
vn 0.3015 0.4910 0.8173
vn 0.5535 0.3061 -0.7746
vn -0.8380 -0.5242 0.1514
vn 0.5792 -0.8148 0.0254
vn -0.6487 -0.5655 -0.5093
vn 0.0043 -0.2753 0.9613
vn -0.7876 -0.1916 -0.5856
vn -0.0357 0.9176 0.3958
vn -0.0460 0.2269 -0.9728
vn -0.0578 0.9513 -0.3028
vn 0.4911 0.5130 -0.7040
vn 0.3811 0.8922 -0.2423
vn 0.3994 -0.0600 -0.9148
vn 0.7016 0.2173 -0.6786
vn 0.3700 0.9284 -0.0346
vn -0.3783 0.9256 0.0100
vn 0.0109 0.8914 0.4532
vn 0.3035 0.5321 0.7904
vn -0.1955 0.9491 0.2470
vn 0.5106 0.8456 0.1559
vn 0.7584 -0.4930 0.4263
vn 0.7559 -0.5528 0.3508
vn 0.8171 -0.3204 0.4792
vn 0.6127 -0.7764 0.1475
vn 0.7466 -0.6501 -0.1412
vn 0.6532 -0.7367 -0.1749
vn 0.8859 -0.4599 -0.0616
vn 0.4592 -0.8760 -0.1476
vn -0.5495 0.5495 0.6294
vn -0.6291 0.4506 0.6335
vn -0.5897 0.6912 0.4178
vn -0.5856 0.4274 0.6888
vn -0.6420 0.3807 0.6655
vn 0.4470 0.2357 0.8629
vn 0.4051 0.3743 0.8341
vn 0.3662 0.4419 0.8189
vn 0.4541 -0.5361 0.7116
vn 0.3766 -0.8227 0.4258
vn 0.1660 -0.9054 0.3907
vn 0.3948 0.5898 -0.7045
vn 0.5202 0.6948 -0.4967
vn 0.6594 0.6560 -0.3672
vn 0.4394 -0.3817 -0.8132
vn 0.4846 -0.3917 -0.7821
vn 0.3175 -0.6097 -0.7263
vn 0.7777 -0.3576 -0.5171
vn 0.7949 -0.4238 -0.4342
vn 0.7908 -0.3389 -0.5097
vn 0.9513 0.1604 0.2634
vn 0.9226 0.0107 0.3856
vn 0.9575 0.0313 0.2867
vn 0.8635 0.4572 -0.2132
vn 0.8761 0.4715 -0.1004
vn 0.8925 0.4394 -0.1022
vn 0.9328 0.0460 -0.3574
vn 0.8938 -0.0175 -0.4481
vn 0.9282 0.0610 -0.3671
vn 0.6897 -0.1267 0.7129
vn 0.7082 -0.2894 0.6440
vn 0.6797 -0.1151 0.7244
vn 0.2152 0.7295 -0.6493
vn 0.3498 0.6403 -0.6839
vn -0.9733 0.0011 -0.2296
vn 0.8478 -0.0171 0.5300
vn 0.9102 0.3801 -0.1648
vn 0.9300 -0.0260 0.3666
vn 0.5443 0.2047 0.8135
vn 0.7621 -0.2144 0.6109
vn 0.8977 0.0809 0.4331
vn 0.9301 -0.0162 0.3670
vn 0.8510 -0.2846 -0.4414
vn 0.9653 0.2607 0.0152
vn 0.9841 0.1763 0.0207
vn 0.3954 -0.9160 -0.0680
vn 0.4353 -0.5560 0.7081
vn 0.5401 -0.0632 0.8392
vn -0.3982 0.0171 0.9171
vn 0.0007 0.7908 0.6120
vn -0.4183 0.7284 0.5426
vn -0.2922 0.9085 0.2987
vn -0.8966 0.4429 0.0004
vn -0.8031 0.5869 0.1029
vn -0.0069 0.9969 0.0788
vn 0.8376 0.3941 -0.3784
vn -0.7311 -0.6389 -0.2394
vn 0.1161 -0.6226 -0.7739
vn -0.8961 0.2754 -0.3480
vn 0.4033 -0.4631 -0.7892
vn 0.5040 0.6789 0.5339
vn 0.4507 0.8403 -0.3013
vn 0.8969 0.2320 -0.3766
vn -0.1177 0.0026 -0.9930
vn -0.2691 -0.4576 -0.8475
vn -0.7020 -0.1903 -0.6863
vn -0.6360 -0.0663 -0.7688
vn -0.5002 0.0435 -0.8648
vn -0.4412 -0.1971 -0.8755
vn -0.9183 0.1100 -0.3803
vn -0.0665 0.5057 -0.8601
vn -0.5265 -0.2913 -0.7987
vn -0.9716 -0.0425 -0.2328
vn -0.8568 0.5148 -0.0279
vn -0.9982 0.0195 0.0572
vn 0.8419 0.3819 0.3813
vn 0.9583 -0.1388 0.2498
vn 0.4472 0.3127 0.8380
vn 0.9140 -0.2212 -0.3401
vn -0.8924 -0.1177 -0.4355
vn -0.8936 -0.0207 -0.4483
vn -0.8724 -0.1751 -0.4562
vn -0.8783 -0.2133 -0.4278
vn -0.3583 -0.8535 -0.3784
vn -0.7588 -0.6159 -0.2120
vn -0.0197 0.8307 0.5563
vn 0.6619 0.1900 -0.7251
vn 0.0466 0.6557 -0.7535
vn 0.6355 0.4230 -0.6459
vn 0.3762 -0.2433 -0.8940
vn 0.8163 -0.5082 -0.2744
vn 0.9948 -0.0493 0.0891
vn 0.0581 0.0388 -0.9976
vn -0.5005 0.0147 -0.8656
vn -0.3069 0.8337 -0.4590
vn -0.1201 0.1324 -0.9839
vn -0.1491 0.9591 -0.2405
vn 0.2352 0.9205 0.3120
vn 0.1014 0.7982 0.5938
vn 0.2794 -0.4695 0.8376
vn 0.2780 -0.5717 0.7719
vn 0.0545 -0.8040 0.5922
vn 0.1387 -0.8704 0.4724
vn -0.1621 -0.9419 -0.2942
vn -0.0299 -0.2816 -0.9591
vn -0.0744 0.0632 -0.9952
vn -0.5113 0.1576 -0.8448
vn 0.2464 -0.8073 0.5362
vn -0.6849 -0.0347 0.7279
vn 0.9479 -0.1504 0.2808
vn 0.9042 -0.4270 -0.0115
vn 0.9763 0.1772 0.1242
vn 0.9853 -0.1676 0.0322
vn 0.9879 -0.1349 -0.0761
vn 0.9476 0.3138 -0.0600
vn 0.9780 0.1296 -0.1636
vn 0.9334 0.0702 -0.3520
vt 0.093288 0.290520
vt 0.170028 0.730982
vt 0.067146 0.810948
vt 0.266848 0.124335
vt 0.921666 0.770705
vt 0.903204 0.285020
vt 0.844591 0.727247
vt 0.570662 0.043888
vt 0.476410 -0.001708
vt 0.605923 0.608729
vt 0.606074 0.573839
vt 0.616102 0.591317
vt 0.575252 0.619453
vt 0.580545 0.564910
vt 0.485940 0.571670
vt 0.484992 0.609044
vt 0.470891 0.588360
vt 0.580420 0.564912
vt 0.752713 0.622725
vt 0.785631 0.618671
vt 0.784961 0.626189
vt 0.808490 0.622482
vt 0.813565 0.620173
vt 0.816839 0.620560
vt 0.800866 0.625511
vt 0.729131 0.627152
vt 0.738884 0.628513
vt 0.801654 0.625172
vt 0.753809 0.633520
vt 0.777119 0.637317
vt 0.759575 0.626273
vt 0.009808 0.532771
vt 0.014017 0.566796
vt 0.010481 0.548452
vt 0.114988 0.535724
vt 0.084695 0.580901
vt 0.138726 0.580739
vt 0.151819 0.532464
vt 0.185114 0.574827
vt 0.287774 0.532812
vt 0.227682 0.574990
vt 0.291814 0.566962
vt 0.318612 0.537490
vt 0.319045 0.567052
vt 0.350260 0.533728
vt 0.354537 0.566726
vt 0.785694 0.521756
vt 0.796646 0.451893
vt 0.806754 0.535753
vt 0.744724 0.540901
vt 0.749640 0.456283
vt 0.772564 0.437088
vt 0.287659 0.800699
vt 0.360218 0.917527
vt 0.323275 0.767742
vt 0.366474 0.790954
vt 0.373267 0.748765
vt 0.243686 0.787492
vt 0.256888 0.923869
vt 0.168284 0.789228
vt 0.116443 0.715298
vt 0.128251 0.749436
vt 0.120760 0.782453
vt 0.115224 0.918047
vt 0.139685 0.926449
vt 0.155857 0.923457
vt 0.181274 0.975218
vt 0.209725 0.768741
vt 0.233354 0.994304
vt 0.259484 0.990008
vt 0.290423 0.956674
vt 0.314204 0.931484
vt 0.332355 0.934664
vt 0.157744 0.948778
vt 0.023913 0.945848
vt 0.044856 0.957868
vt 0.035585 0.964541
vt 0.011924 0.917215
vt 0.030543 0.936658
vt 0.045013 0.939121
vt 0.028809 0.798856
vt 0.029219 0.828693
vt 0.059171 0.826389
vt 0.012265 0.792881
vt 0.007868 0.751822
vt 0.018287 0.762101
vt 0.031275 0.793333
vt 0.744754 0.540495
vt 0.785911 0.522154
vt 0.796996 0.451188
vt 0.807345 0.540241
vt 0.864016 0.957651
vt 0.790674 0.956786
vt 0.842568 0.928950
vt 0.792903 0.811801
vt 0.838472 0.763116
vt 0.879780 0.808345
vt 0.896155 0.716504
vt 0.915814 0.801977
vt 0.908068 0.898864
vt 0.980093 0.834220
vt 0.968504 0.928526
vt 0.900395 0.927614
vt 0.897089 0.932774
vt 0.897482 0.958493
vt 0.735376 0.958601
vt 0.985192 0.796327
vt 0.708163 0.963846
vt 0.700884 0.935247
vt 0.992345 0.753463
vt 0.992281 0.683804
vt 0.916928 0.644256
vt 0.868117 0.652321
vt 0.783713 0.641181
vt 0.739111 0.807970
vt 0.730273 0.889533
vt 0.687229 0.917187
vt 0.704156 0.810435
vt 0.703032 0.791300
vt 0.731380 0.640822
vt 0.710186 0.706630
vt 0.706970 0.642210
vt 0.988944 0.641757
vt 0.056997 0.905578
vt 0.057366 0.874900
vt 0.059667 0.880418
vt 0.577805 0.096920
vt 0.511717 0.012807
vt 0.573183 0.013383
vt 0.535279 0.124721
vt 0.473842 0.149114
vt 0.431361 0.013655
vt 0.230118 0.130403
vt 0.168494 0.013607
vt 0.250287 0.017997
vt 0.339581 0.089150
vt 0.348292 0.017157
vt 0.382301 0.192237
vt 0.496684 0.207227
vt 0.576096 0.252215
vt 0.268199 0.183775
vt 0.334500 0.172473
vt 0.470136 0.299589
vt 0.450644 0.288223
vt 0.438262 0.285457
vt 0.082586 0.243171
vt 0.038178 0.284375
vt 0.082552 0.216440
vt 0.066440 0.130341
vt 0.116052 0.209145
vt 0.128121 0.014060
vt 0.166143 0.214012
vt 0.229709 0.222920
vt 0.249539 0.271365
vt 0.376670 0.287309
vt 0.393543 0.277837
vt 0.067266 0.011232
vt 0.009915 0.317059
vt 0.051297 0.350183
vt 0.010652 0.265551
vt 0.010212 0.247671
vt 0.013344 0.126502
vt 0.013550 0.013463
vt 0.380265 0.329741
vt 0.379365 0.297929
vt 0.257708 0.313248
vt 0.304620 0.387326
vt 0.384075 0.378902
vt 0.268289 0.388760
vt 0.224946 0.386172
vt 0.237410 0.368409
vt 0.233517 0.309043
vt 0.641431 -0.006354
vt 0.661467 0.068409
vt 0.642964 0.149239
vt 0.621988 0.068798
vt 0.418118 0.443706
vt 0.515374 0.443396
vt 0.537914 0.458578
vt 0.418566 0.411831
vt 0.535023 0.344923
vt 0.451752 0.344351
vt 0.580216 0.309029
vt 0.574977 0.270017
vt 0.053347 0.698089
vt 0.042335 0.702608
vt 0.048248 0.725259
vt 0.610721 0.471497
vt 0.605874 0.528854
vt 0.580012 0.554192
vt 0.562869 0.484954
vt 0.614455 0.412481
vt 0.558939 0.413898
vt 0.563391 0.405152
vt 0.594095 0.358791
vt 0.642245 0.300465
vt 0.604424 0.347597
vt 0.578391 0.489361
vt 0.693741 0.359980
vt 0.707391 0.431860
vt 0.728623 0.422158
vt 0.680680 0.353635
vt 0.642408 0.281456
vt 0.642221 0.300467
vt 0.668563 0.421719
vt 0.726664 0.424058
vt 0.717354 0.487461
vt 0.665107 0.467777
vt 0.697738 0.552246
vt 0.667247 0.532753
vt 0.638553 0.574253
vt 0.617177 0.520368
vt 0.662405 0.520163
vt 0.701905 0.491019
vt 0.671813 0.033794
vt 0.716495 0.012653
vt 0.690865 0.015546
vt 0.818827 0.034331
vt 0.791681 0.015587
vt 0.833547 0.008331
vt 0.937981 0.033648
vt 0.938652 0.012271
vt 0.958182 0.015546
vt 0.126026 0.455313
vt 0.054197 0.460781
vt 0.072142 0.451190
vt 0.113894 0.399360
vt 0.052663 0.349772
vt 0.636894 0.149215
vt 0.630863 0.165817
vt 0.606720 0.175742
vt 0.621999 0.068794
vt 0.840948 0.550212
vt 0.867997 0.607981
vt 0.867194 0.611748
vt 0.871764 0.554483
vt 0.003369 0.227973
vt 0.076822 0.338320
vt 0.004198 0.311360
vt 0.061332 0.197063
vt 0.149785 0.237670
vt 0.196502 0.402817
vt 0.173500 0.160483
vt 0.157832 0.115489
vt 0.042743 0.760492
vt 0.004215 0.826757
vt 0.043632 0.624223
vt 0.108543 0.552807
vt 0.179233 0.475314
vt 0.238338 0.473151
vt 0.046054 0.668823
vt 0.202045 0.629699
vt 0.175386 0.621385
vt 0.101353 0.783507
vt 0.094704 0.919218
vt 0.002429 0.988477
vt 0.087127 0.978406
vt 0.168817 0.986191
vt 0.181404 0.900662
vt 0.294766 0.485311
vt 0.286349 0.519587
vt 0.253521 0.482447
vt 0.202313 0.553266
vt 0.171872 0.519880
vt 0.218530 0.409681
vt 0.224326 0.454819
vt 0.234847 0.473370
vt 0.805474 0.444713
vt 0.772952 0.414691
vt 0.770789 0.470075
vt 0.829374 0.560166
vt 0.830570 0.596751
vt 0.785212 0.626435
vt 0.802684 0.892065
vt 0.647419 0.752845
vt 0.700907 0.906250
vt 0.577683 0.901323
vt 0.634539 0.973710
vt 0.459492 0.974329
vt 0.308604 0.923099
vt 0.295605 0.802316
vt 0.325684 0.637754
vt 0.318470 0.552432
vt 0.486776 0.903778
vt 0.362938 0.645659
vt 0.355770 0.728539
vt 0.377103 0.794834
vt 0.383142 0.745799
vt 0.416438 0.860350
vt 0.502118 0.813732
vt 0.587879 0.804683
vt 0.625525 0.798073
vt 0.619609 0.754603
vt 0.429455 0.809392
vt 0.721958 0.554007
vt 0.714194 0.519835
vt 0.678470 0.585437
vt 0.643842 0.687997
vt 0.791688 0.547120
vt 0.804758 0.623655
vt 0.868824 0.192250
vt 0.889449 0.177156
vt 0.862855 0.168585
vt 0.622674 0.231667
vt 0.698978 0.184310
vt 0.897514 0.929345
vt 0.643526 0.995842
vt 0.356322 0.992680
vt 0.103501 0.900540
vt 0.297111 0.181723
vt 0.387392 0.166836
vt 0.499077 1.002420
vt 0.589838 0.920469
vt 0.526045 0.689826
vt 0.561081 0.501839
vt 0.795561 0.613999
vt 0.805472 0.647411
vt 0.814152 0.650569
vt 0.792177 0.667594
vt 0.767118 0.660855
vt 0.932371 0.131520
vt 0.962071 0.079770
vt 0.967047 0.128510
vt 0.905040 0.007895
vt 0.891587 0.124466
vt 0.836824 0.132708
vt 0.808461 0.013152
vt 0.781359 0.133823
vt 0.727649 0.013433
vt 0.690871 0.015640
vt 0.699730 0.128510
vt 0.786756 0.353814
vt 0.775265 0.348839
vt 0.823228 0.405397
vt 0.792159 0.371184
vt 0.896857 0.350473
vt 0.880040 0.422477
vt 0.899721 0.418179
vt 0.930303 0.395474
vt 0.965708 0.360200
vt 0.949428 0.215651
vt 0.991303 0.322803
vt 0.979077 0.266628
vt 0.982765 0.211998
vt 0.932244 0.132658
vt 0.891550 0.125034
vt 0.834590 0.203990
vt 0.758491 0.214143
vt 0.743262 0.341190
vt 0.723987 0.322803
vt 0.713482 0.353109
vt 0.981046 0.352496
vt 0.711760 0.266628
vt 0.715258 0.210907
vt 0.700099 0.128523
vt 0.799585 0.134557
vt 0.076468 0.700038
vt 0.063186 0.699439
vt 0.070658 0.724607
vt 0.998833 0.566895
vt 0.998510 0.863904
vt 0.913263 0.569023
vt 0.919665 0.309671
vt 0.997859 0.228200
vt 0.922838 0.185205
vt 0.873323 0.775946
vt 0.904878 0.917229
vt 0.996890 0.988476
vt 0.829214 0.999530
vt 0.951970 0.998995
vt 0.822324 0.335102
vt 0.857462 0.193214
vt 0.789178 0.079592
vt 0.824332 0.160483
vt 0.178210 0.645900
vt 0.183769 0.645492
vt 0.208155 0.664441
vt 0.231901 0.646040
vt 0.100276 0.753068
vt 0.110806 0.816569
vt 0.114543 0.772457
vt 0.107649 0.727161
vt 0.098941 0.727537
vt 0.093626 0.714591
vt 0.084483 0.713495
vt 0.080476 0.750479
vt 0.053571 0.789919
vt 0.060187 0.834005
vt 0.102120 0.853856
vt 0.047341 0.856016
vt 0.036435 0.837531
vt 0.030260 0.828151
vt 0.058782 0.746967
vt 0.050691 0.725612
vt 0.041001 0.752998
vt 0.035974 0.790702
vt 0.076763 0.725383
vt 0.749073 0.336152
vt 0.824733 0.159964
vt 0.805370 0.446011
vt 0.761707 0.473015
vt 0.655383 0.122792
vt 0.502637 0.144279
vt 0.542995 0.050847
vt 0.783938 0.077608
vt 0.665230 0.206093
vt 0.654006 0.369926
vt 0.618352 0.497683
vt 0.721947 0.554009
vt 0.679320 0.580580
vt 0.591894 0.581547
vt 0.572171 0.566083
vt 0.580108 0.441835
vt 0.597754 0.285562
vt 0.543001 0.198084
vt 0.494829 0.188484
vt 0.420060 0.197702
vt 0.490643 0.268183
vt 0.405530 0.329941
vt 0.453048 0.324237
vt 0.465234 0.435069
vt 0.498817 0.340835
vt 0.502647 0.425269
vt 0.565274 0.391661
vt 0.542125 0.439672
vt 0.406852 0.497581
vt 0.550578 0.325824
vt 0.509926 0.327313
vt 0.476180 0.327088
vt 0.499811 0.321483
vt 0.453816 0.554297
vt 0.478393 0.511487
vt 0.465754 0.575808
vt 0.433161 0.559115
vt 0.422818 0.571126
vt 0.516709 0.463348
vt 0.500553 0.456373
vt 0.506573 0.603974
vt 0.450253 0.646859
vt 0.443295 0.589639
vt 0.321182 0.553177
vt 0.294980 0.485290
vt 0.283914 0.279180
vt 0.352564 0.165968
vt 0.286380 0.519447
vt 0.158850 0.114992
vt 0.173910 0.161723
vt 0.196511 0.402501
vt 0.254195 0.480613
vt 0.149726 0.237388
vt 0.536356 0.575817
vt 0.523260 0.646897
vt 0.501301 0.812341
vt 0.427824 0.808580
vt 0.383217 0.745642
vt 0.552200 0.581554
vt 0.567449 0.598243
vt 0.575510 0.655444
vt 0.621432 0.798696
vt 0.619537 0.754398
vt 0.643839 0.687846
vt 0.646999 0.752815
vt 0.674771 0.617763
vt 0.362328 0.648454
vt 0.325684 0.638289
vt 0.076877 0.878037
vt 0.071036 0.873546
vt 0.071723 0.903385
vt 0.508741 0.641845
vt 0.521530 0.826041
vt 0.476461 0.638930
vt 0.582325 0.635075
vt 0.573473 0.822153
vt 0.635093 0.811305
vt 0.643804 0.632592
vt 0.672899 0.809112
vt 0.681663 0.867252
vt 0.664179 0.694201
vt 0.668921 0.632227
vt 0.438039 0.797188
vt 0.382214 0.671175
vt 0.389145 0.632211
vt 0.482988 0.802513
vt 0.487773 0.928584
vt 0.664166 0.966549
vt 0.642241 0.938170
vt 0.657880 0.936893
vt 0.618033 0.964578
vt 0.569408 0.958345
vt 0.491363 0.959803
vt 0.472359 0.934170
vt 0.471822 0.926860
vt 0.443805 0.928176
vt 0.398964 0.896180
vt 0.391420 0.796218
vt 0.381596 0.747769
vt 0.376731 0.936893
vt 0.472199 0.961070
vt 0.062492 0.702355
vt 0.071144 0.695018
vt 0.069826 0.724421
vt 0.086429 0.973698
vt 0.082861 0.991345
vt 0.045352 0.984809
vt 0.095068 0.932902
vt 0.098716 0.966004
vt 0.103172 0.933732
vt 0.101964 0.913522
vt 0.097043 0.894972
vt 0.092650 0.919134
vt 0.090501 0.907438
vt 0.081806 0.894008
vt 0.085593 0.883506
vt 0.079761 0.918640
vt 0.058436 0.932646
vt 0.044763 0.973219
vt 0.036193 0.963781
vt 0.045746 0.958194
vt 0.045015 0.937226
vt 0.051075 0.923837
vt 0.056414 0.905332
vt 0.064265 0.918913
vt 0.072135 0.903334
vt 0.533916 0.361677
vt 0.555501 0.363879
vt 0.845887 0.566007
vt 0.845443 0.549326
vt 0.835276 0.547254
vt 0.860400 0.511888
vt 0.871951 0.542808
vt 0.869561 0.548593
vt 0.833269 0.576102
vt 0.813416 0.576475
vt 0.789675 0.586348
vt 0.785379 0.582361
vt 0.824826 0.554893
vt 0.762946 0.595139
vt 0.762893 0.584609
vt 0.944759 0.493386
vt 0.945809 0.458427
vt 0.955408 0.476222
vt 0.918876 0.501452
vt 0.915452 0.446627
vt 0.824668 0.453946
vt 0.824332 0.491422
vt 0.809829 0.474183
vt 0.918750 0.501445
vt 0.014021 0.566794
vt 0.009924 0.532769
vt 0.010427 0.548018
vt 0.116599 0.536131
vt 0.087542 0.582965
vt 0.116355 0.577960
vt 0.149872 0.532494
vt 0.146276 0.582463
vt 0.188230 0.576977
vt 0.287824 0.532740
vt 0.224597 0.575344
vt 0.302812 0.566870
vt 0.318612 0.537536
vt 0.350250 0.533625
vt 0.529416 0.638626
vt 0.619956 0.632635
vt 0.558499 0.636163
vt 0.490455 0.641648
vt 0.503769 0.641483
vt 0.463650 0.635455
vt 0.619822 0.631649
vt 0.400219 0.432512
vt 0.400950 0.400369
vt 0.374286 0.431617
vt 0.374604 0.401688
vt 0.350661 0.399747
vt 0.344659 0.430508
vt 0.315993 0.401393
vt 0.323109 0.452053
vt 0.278727 0.402243
vt 0.281461 0.453553
vt 0.260662 0.402170
vt 0.261010 0.433128
vt 0.240211 0.399191
vt 0.235713 0.431139
vt 0.220282 0.399489
vt 0.205610 0.432004
vt 0.187882 0.399825
vt 0.187609 0.432553
vt 0.346010 0.449165
vt 0.259283 0.450863
vt 0.643987 0.632836
vt 0.653697 0.633779
vt 0.674736 0.631770
vt 0.195088 0.378239
vt 0.197116 0.348050
vt 0.223864 0.386076
vt 0.237173 0.366483
vt 0.204872 0.297937
vt 0.196894 0.280683
vt 0.257069 0.309776
vt 0.229836 0.222957
vt 0.114901 0.209042
vt 0.144939 0.285276
vt 0.132404 0.288289
vt 0.082553 0.216465
vt 0.114258 0.299536
vt 0.038125 0.283873
vt 0.123500 0.330277
vt 0.052552 0.349062
vt 0.178028 0.410794
vt 0.126041 0.455327
vt 0.179703 0.451356
vt 0.573895 0.078122
vt 0.571871 0.014410
vt 0.571601 0.078202
vt 0.013337 0.014293
vt 0.079637 0.012031
vt 0.013550 0.013334
vt 0.051574 0.011251
vt 0.108714 0.012391
vt 0.137452 0.012584
vt 0.168495 0.013644
vt 0.250812 0.017847
vt 0.253879 0.020007
vt 0.318684 0.018857
vt 0.340398 0.017067
vt 0.371625 0.017430
vt 0.438909 0.015100
vt 0.441520 0.013195
vt 0.519489 0.012327
vt 0.510490 0.015019
vt 0.573183 0.013368
vt 0.013124 0.082267
vt 0.012121 0.080040
vt 0.008947 0.077119
vt 0.749229 0.990783
vt 0.788587 0.957016
vt 0.791817 0.986917
vt 0.707997 0.963781
vt 0.708908 0.992561
vt 0.668124 0.249531
vt 0.670650 0.193078
vt 0.680248 0.228967
vt 0.644613 0.257813
vt 0.621243 0.249680
vt 0.609439 0.222331
vt 0.641034 0.181110
vt 0.878574 0.086196
vt 0.686848 0.781539
vt 0.876461 0.999500
vt 0.700178 0.205640
vt 0.173120 0.397957
vt 0.224069 0.776066
vt 0.192692 0.739007
vt 0.127856 0.001431
vt 0.386926 0.000500
vt 0.388598 0.880800
vt 0.959501 0.999057
vt 0.834181 0.733508
vt 0.076667 0.756835
vt 0.930215 0.743638
vt 0.170344 0.733214
vt 0.639610 0.996711
vt 0.664062 0.966550
vt 0.662746 0.996875
vt 0.617270 0.991378
vt 0.617258 0.962592
vt 0.046928 0.366078
vt 0.019177 0.384147
vt 0.772464 0.612789
vt 0.799940 0.638723
vt 0.734196 0.061701
vt 0.304102 0.061792
vt 0.547895 0.016616
vt 0.224233 0.614122
vt 0.196495 0.649549
vt 0.185449 0.626762
vt 0.876136 0.611748
vt 0.880277 0.606064
vt 0.807890 0.671990
vt 0.654199 0.165781
vt 0.633720 0.170085
vt 0.642230 0.149423
vt 0.809117 0.781806
vt 0.592537 0.126828
vt 0.774409 0.745321
vt 0.868183 0.004287
vt 0.898437 0.757833
vt 0.683470 0.185192
vt 0.648054 0.148218
vt 0.661468 0.068409
vt 0.654309 0.165588
vt 0.939663 0.547003
vt 0.950263 0.551636
vt 0.942165 0.526673
vt 0.188626 0.672341
vt 0.961203 0.584136
vt 0.911577 0.576799
vt 0.920041 0.555571
vt 0.957399 0.607156
vt 0.898161 0.549865
vt 0.899079 0.566497
vt 0.909036 0.548159
vt 0.881368 0.509763
vt 0.872249 0.545195
vt 0.872672 0.547674
vt 0.906118 0.560940
vt 0.946615 0.584516
vt 0.982045 0.594272
vt 0.981996 0.584609
vt 0.989807 0.308254
vt 0.933548 0.034167
vt 0.994806 0.000500
vt 0.958507 0.444642
vt 0.093147 0.376569
vt 0.009007 0.197275
vt 0.046895 0.402126
vt 0.407900 0.134158
vt 0.193350 0.748137
vt 0.236120 0.795629
vt 0.130411 0.004287
vt 0.108505 0.777441
vt 0.611348 0.000499
vt 0.788614 0.761476
vt 0.615238 0.846256
vt 0.822761 0.373995
vt 0.931682 0.004261
vt 0.894096 0.384933
vt 0.309611 0.780370
vt 0.405639 0.904337
vt 0.376485 0.658765
vt 0.121120 0.999479
vt 0.293701 0.168692
vt 0.121426 0.086196
vt 0.456607 0.733582
vt 0.499796 0.486193
vt 0.476108 0.087942
vt 0.628573 0.661335
vt 0.473766 0.852498
vt 0.437834 0.435807
vt 0.526282 0.727604
vt 0.560750 0.501206
vt 0.507962 0.152156
vt 0.593722 0.183296
vt 0.561735 0.503677
vt 0.600628 0.744215
vt 0.887873 0.184805
vt 0.894016 0.196753
vt 0.902392 0.174887
vt 0.072458 0.903443
vt 0.063917 0.918900
vt 0.079372 0.920375
vt 0.054150 0.927450
vt 0.098534 0.932288
vt 0.082074 0.906697
vt 0.090002 0.909657
vt 0.092747 0.918513
vt 0.095834 0.890328
vt 0.101664 0.912915
vt 0.103294 0.931525
vt 0.099539 0.962280
vt 0.096385 0.981797
vt 0.057462 0.990243
vt 0.033415 0.936882
vt 0.044720 0.973234
vt 0.025478 0.943360
vt 0.027548 0.965891
vt 0.016817 0.947903
vt 0.012114 0.918721
vt 0.046595 0.985316
vt 0.028394 0.827135
vt 0.019031 0.788238
vt 0.037640 0.837428
vt 0.007814 0.752554
vt 0.031449 0.801319
vt 0.035933 0.791496
vt 0.092994 0.854344
vt 0.108210 0.828100
vt 0.100277 0.752609
vt 0.081682 0.746895
vt 0.061679 0.748033
vt 0.069285 0.724612
vt 0.083771 0.732998
vt 0.044130 0.755131
vt 0.114948 0.773695
vt 0.112813 0.746171
vt 0.099523 0.731368
vt 0.104294 0.724842
vt 0.062558 0.915961
vt 0.054820 0.895600
vt 0.054128 0.926345
vt 0.058726 0.876738
vt 0.040985 0.738826
vt 0.057939 0.747328
vt 0.041185 0.755645
vt 0.049413 0.695779
vt 0.056465 0.728353
vt 0.295360 0.620568
vt 0.359670 0.605661
vt 0.318264 0.622212
vt 0.264648 0.595262
vt 0.186801 0.622766
vt 0.213439 0.593875
vt 0.168852 0.600174
vt 0.115465 0.605667
vt 0.073031 0.622212
vt 0.168680 0.600975
vt 0.115447 0.606002
vt 0.211204 0.594853
vt 0.261163 0.596226
vt 0.314121 0.605462
vt 0.360685 0.605903
vt -0.013419 0.428107
vt 0.624034 0.046337
vt 0.508140 0.954525
vt 0.995058 0.642483
vt 0.310786 0.113182
vt 0.490332 0.988421
vt -0.002268 0.437351
vt 0.987319 0.484917
s 1
usemtl materials/models/81116/int_highlight
f 3/1/1 2/2/2 1/3/3
f 2/2/2 5/4/4 4/5/5
f 7/6/6 6/7/7 4/5/5
f 4/5/5 5/4/4 7/6/6
f 7/6/6 5/4/4 8/8/8
f 6/7/7 9/9/9 1/3/10
f 12/10/11 11/11/11 10/12/11
f 13/13/11 11/11/11 12/10/11
f 14/14/11 11/11/11 13/13/11
f 17/15/12 16/16/13 15/17/14
f 18/18/15 16/16/13 17/15/12
f 19/13/16 16/16/13 18/18/15
f 22/19/17 21/20/18 20/21/19
f 20/21/19 21/20/18 23/22/20
f 24/23/21 23/22/20 21/20/18
f 24/23/21 25/24/22 23/22/20
f 26/25/23 23/22/20 25/24/22
f 28/26/24 22/19/25 27/27/26
f 27/27/26 29/28/27 28/26/24
f 30/29/28 28/26/24 29/28/27
f 30/29/28 29/28/27 31/30/29
f 32/31/30 29/28/27 27/27/26
f 35/32/31 34/33/32 33/34/33
f 36/35/34 34/33/32 35/32/31
f 37/36/35 34/33/32 36/35/34
f 38/37/36 37/36/35 36/35/34
f 39/38/37 38/37/36 36/35/34
f 40/39/38 38/37/36 39/38/37
f 40/39/38 39/38/37 41/40/39
f 41/40/39 42/41/40 40/39/38
f 41/40/39 43/42/41 42/41/40
f 44/43/42 43/42/41 41/40/39
f 45/44/43 43/42/41 44/43/42
f 44/43/42 46/45/44 45/44/43
f 45/44/43 46/45/44 47/46/45
f 50/47/46 49/48/47 48/49/48
f 53/48/49 52/50/50 51/51/51
f 54/52/52 53/48/49 51/51/51
f 57/53/53 56/54/54 55/55/55
f 56/54/54 58/56/56 55/55/55
f 58/56/56 59/57/57 55/55/55
f 61/58/58 60/59/59 57/53/53
f 64/60/60 63/61/61 62/62/62
f 65/63/63 64/60/60 62/62/62
f 65/63/63 66/64/64 64/60/60
f 64/60/60 66/64/64 67/65/65
f 67/65/65 68/66/66 64/60/60
f 68/66/66 69/67/67 64/60/60
f 64/60/60 69/67/67 70/68/68
f 69/67/67 61/58/58 70/68/68
f 69/67/67 60/59/59 61/58/58
f 71/69/69 60/59/59 69/67/67
f 71/69/69 72/70/70 60/59/59
f 72/70/70 73/71/71 60/59/59
f 60/59/59 73/71/71 57/53/53
f 74/72/72 57/53/53 73/71/71
f 74/72/72 56/54/54 57/53/53
f 56/54/54 74/72/72 75/73/73
f 69/67/67 68/66/66 76/74/74
f 79/75/75 78/76/76 77/77/77
f 79/75/75 81/78/78 80/79/79
f 79/75/75 80/79/79 78/76/76
f 82/80/80 78/76/76 80/79/79
f 85/81/81 84/82/82 83/83/83
f 85/81/81 86/84/84 84/82/82
f 85/81/81 87/85/85 86/84/84
f 88/86/86 87/85/85 85/81/81
f 89/87/87 88/86/86 85/81/81
f 89/87/87 85/81/81 83/83/83
f 92/51/88 91/88/89 90/89/90
f 92/51/88 90/89/90 93/52/91
f 90/89/90 94/90/92 93/52/91
f 95/91/93 94/90/92 90/89/90
f 98/92/94 97/93/95 96/94/96
f 99/95/97 96/94/96 97/93/95
f 99/95/97 100/96/98 96/94/96
f 100/96/98 101/97/99 96/94/96
f 101/97/99 100/96/98 102/98/100
f 102/98/100 103/99/101 101/97/99
f 101/97/99 103/99/101 104/100/102
f 103/99/101 105/101/103 104/100/102
f 106/102/104 104/100/102 105/101/103
f 107/103/105 104/100/102 106/102/104
f 108/104/106 104/100/102 107/103/105
f 101/97/99 104/100/102 108/104/106
f 96/94/96 101/97/99 108/104/106
f 108/104/106 98/92/94 96/94/96
f 98/92/94 108/104/106 109/105/107
f 110/106/108 99/95/97 97/93/95
f 105/101/103 103/99/101 111/107/109
f 113/108/110 112/109/111 110/106/108
f 103/99/101 114/110/112 111/107/109
f 115/111/113 114/110/112 103/99/101
f 102/98/100 115/111/113 103/99/101
f 116/112/114 115/111/113 102/98/100
f 117/113/115 116/112/114 102/98/100
f 100/96/98 117/113/115 102/98/100
f 117/113/115 100/96/98 118/114/116
f 99/95/97 118/114/116 100/96/98
f 118/114/116 99/95/97 119/115/117
f 119/115/117 99/95/97 110/106/108
f 120/116/118 119/115/117 110/106/108
f 110/106/108 112/109/111 120/116/118
f 120/116/118 112/109/111 121/117/119
f 122/118/120 120/116/118 121/117/119
f 120/116/118 122/118/120 119/115/117
f 123/119/121 119/115/117 122/118/120
f 119/115/117 123/119/121 124/120/122
f 124/120/122 123/119/121 125/121/123
f 126/122/124 124/120/122 125/121/123
f 124/120/122 118/114/116 119/115/117
f 127/123/125 115/111/113 116/112/114
f 130/124/126 129/125/127 128/126/128
f 133/127/129 132/128/130 131/129/131
f 134/130/132 132/128/130 133/127/129
f 132/128/130 134/130/132 135/131/133
f 136/132/134 132/128/130 135/131/133
f 139/133/135 138/134/136 137/135/137
f 139/133/135 137/135/137 140/136/138
f 140/136/138 137/135/137 141/137/139
f 136/132/134 140/136/138 141/137/139
f 142/138/140 140/136/138 136/132/134
f 142/138/140 136/132/134 135/131/133
f 135/131/133 143/139/141 142/138/140
f 134/130/132 143/139/141 135/131/133
f 134/130/132 144/140/142 143/139/141
f 133/127/129 144/140/142 134/130/132
f 140/136/138 145/141/143 139/133/135
f 146/142/144 145/141/143 140/136/138
f 140/136/138 142/138/140 146/142/144
f 144/140/142 147/143/145 143/139/141
f 147/143/145 148/144/146 143/139/141
f 142/138/140 143/139/141 148/144/146
f 149/145/147 142/138/140 148/144/146
f 152/146/148 151/147/149 150/148/150
f 151/147/149 153/149/151 150/148/150
f 153/149/151 154/150/152 150/148/150
f 155/151/153 154/150/152 153/149/151
f 156/152/154 154/150/152 155/151/153
f 156/152/154 155/151/153 138/134/136
f 156/152/154 138/134/136 139/133/135
f 157/153/155 156/152/154 139/133/135
f 157/153/155 139/133/135 145/141/143
f 145/141/143 158/154/156 157/153/155
f 158/154/156 145/141/143 146/142/144
f 158/154/156 146/142/144 159/155/157
f 146/142/144 142/138/140 159/155/157
f 159/155/157 142/138/140 160/156/158
f 160/156/158 142/138/140 149/145/147
f 161/157/159 155/151/153 153/149/151
f 163/158/160 151/147/149 162/159/161
f 151/147/149 163/158/160 164/160/162
f 151/147/149 164/160/162 165/161/163
f 153/149/151 151/147/149 165/161/163
f 165/161/163 166/162/164 153/149/151
f 153/149/151 166/162/164 161/157/159
f 166/162/164 167/163/165 161/157/159
f 169/164/166 159/155/157 168/165/167
f 170/166/168 158/154/156 159/155/157
f 169/164/166 170/166/168 159/155/157
f 169/164/166 171/167/169 170/166/168
f 171/167/169 169/164/166 172/168/170
f 175/169/171 174/170/172 173/171/173
f 171/167/169 175/169/171 173/171/173
f 171/167/169 173/171/173 170/166/168
f 176/172/174 170/166/168 173/171/173
f 179/173/175 178/174/176 177/175/177
f 180/176/178 179/173/175 177/175/177
f 183/177/179 182/178/180 181/179/181
f 184/180/182 182/178/180 183/177/179
f 182/178/180 184/180/182 185/181/183
f 185/181/183 184/180/182 186/182/184
f 185/181/183 186/182/184 187/183/185
f 147/143/145 187/183/185 186/182/184
f 144/140/142 187/183/185 147/143/145
f 188/184/186 187/183/185 144/140/142
f 191/185/187 190/186/188 189/187/189
f 194/188/190 193/189/191 192/190/192
f 192/190/192 195/191/193 194/188/190
f 195/191/193 196/192/194 194/188/190
f 196/192/194 195/191/193 197/193/195
f 197/193/195 198/194/196 196/192/194
f 196/192/194 198/194/196 199/195/197
f 199/195/197 200/196/198 196/192/194
f 201/197/199 200/196/198 199/195/197
f 197/193/195 201/197/199 199/195/197
f 195/191/193 201/197/199 197/193/195
f 192/190/192 202/198/200 195/191/193
f 205/199/201 204/200/202 203/201/203
f 206/202/204 204/200/202 205/199/201
f 207/203/205 206/202/204 205/199/201
f 205/199/201 208/204/206 207/203/205
f 209/205/207 208/204/206 205/199/201
f 205/199/201 210/206/208 209/205/207
f 211/207/209 209/205/207 210/206/208
f 212/208/210 209/205/207 211/207/209
f 213/209/211 212/208/210 211/207/209
f 214/210/212 212/208/210 213/209/211
f 213/209/211 215/211/213 214/210/212
f 215/211/213 192/190/192 214/210/212
f 214/210/212 192/190/192 193/189/191
f 193/189/191 216/212/214 214/210/212
f 194/188/190 216/212/214 193/189/191
f 217/200/215 211/207/209 210/206/208
f 218/213/216 212/208/210 214/210/212
f 216/212/214 218/213/216 214/210/212
f 219/214/217 213/209/211 211/207/209
f 222/215/218 221/216/219 220/217/220
f 222/215/218 223/218/221 221/216/219
f 223/218/221 224/219/222 221/216/219
f 223/218/221 225/220/223 224/219/222
f 223/218/221 226/221/224 225/220/223
f 226/221/224 227/222/225 225/220/223
f 228/223/226 227/222/225 226/221/224
f 231/224/227 230/225/228 229/226/229
f 229/226/229 232/227/230 231/224/227
f 233/228/231 232/227/230 229/226/229
f 236/229/232 235/230/233 234/231/234
f 236/229/232 234/231/234 237/232/235
f 240/233/236 239/234/237 238/235/238
f 240/233/236 238/235/238 241/236/239
f 244/237/240 243/238/241 242/239/242
f 245/240/243 243/238/241 244/237/240
f 245/240/243 246/241/244 243/238/241
f 247/242/245 243/238/241 246/241/244
f 245/240/243 248/243/246 246/241/244
f 249/244/247 248/243/246 245/240/243
f 252/245/248 251/246/249 250/247/250
f 242/239/242 250/247/250 251/246/249
f 250/247/250 242/239/242 243/238/241
f 243/238/241 253/248/251 250/247/250
f 247/242/245 253/248/251 243/238/241
f 253/248/251 247/242/245 254/249/252
f 247/242/245 255/250/253 254/249/252
f 253/248/251 256/251/254 250/247/250
f 258/252/255 254/249/252 257/253/256
f 254/249/252 258/252/255 253/248/251
f 253/248/251 258/252/255 259/254/257
f 259/254/257 256/251/254 253/248/251
f 256/251/254 259/254/257 252/245/248
f 260/255/258 252/245/248 259/254/257
f 260/255/258 251/246/249 252/245/248
f 260/255/258 261/256/259 251/246/249
f 262/257/260 261/256/259 260/255/258
f 263/258/261 262/257/260 260/255/258
f 260/255/258 264/259/262 263/258/261
f 264/259/262 260/255/258 259/254/257
f 258/252/255 264/259/262 259/254/257
f 267/260/263 266/261/264 265/262/265
f 266/261/264 258/252/255 265/262/265
f 265/262/265 258/252/255 268/263/266
f 268/263/266 258/252/255 257/253/256
f 257/253/256 269/264/267 268/263/266
f 257/253/256 254/249/252 269/264/267
f 269/264/267 254/249/252 270/265/268
f 270/265/268 254/249/252 271/266/269
f 271/266/269 269/264/267 270/265/268
f 272/267/270 269/264/267 271/266/269
f 268/263/266 269/264/267 272/267/270
f 265/262/265 268/263/266 272/267/270
f 275/268/271 274/269/272 273/270/273
f 275/268/271 276/271/274 274/269/272
f 276/271/274 275/268/271 277/272/275
f 278/273/276 276/271/274 277/272/275
f 277/272/275 279/274/277 278/273/276
f 278/273/276 279/274/277 280/275/278
f 281/276/279 280/275/278 279/274/277
f 282/277/280 280/275/278 281/276/279
f 281/276/279 283/278/281 282/277/280
f 283/278/281 284/279/282 282/277/280
f 263/258/261 284/279/282 283/278/281
f 284/279/282 263/258/261 285/280/283
f 264/259/262 285/280/283 263/258/261
f 264/259/262 286/281/284 285/280/283
f 286/281/284 264/259/262 258/252/255
f 287/282/285 286/281/284 258/252/255
f 287/282/285 258/252/255 266/261/264
f 287/282/285 266/261/264 288/283/286
f 281/276/279 279/274/277 283/278/281
f 289/284/287 282/277/280 284/279/282
f 289/284/287 284/279/282 285/280/283
f 287/282/285 290/285/288 286/281/284
f 291/286/289 286/281/284 290/285/288
f 293/287/290 291/286/289 292/288/291
f 286/281/284 291/286/289 293/287/290
f 293/287/290 294/289/292 286/281/284
f 286/281/284 294/289/292 285/280/283
f 285/280/283 294/289/292 289/284/287
f 294/289/292 295/290/293 289/284/287
f 289/284/287 295/290/293 282/277/280
f 282/277/280 295/290/293 296/291/294
f 282/277/280 296/291/294 297/292/295
f 280/275/278 282/277/280 297/292/295
f 297/292/295 298/293/296 280/275/278
f 299/294/297 294/289/292 293/287/290
f 299/294/297 295/290/293 294/289/292
f 273/270/273 301/295/298 300/296/299
f 278/273/276 301/295/298 273/270/273
f 278/273/276 302/297/300 301/295/298
f 280/275/278 302/297/300 278/273/276
f 302/297/300 280/275/278 303/298/301
f 276/271/274 273/270/273 274/269/272
f 273/270/273 276/271/274 304/299/302
f 273/270/273 304/299/302 278/273/276
f 304/299/302 305/300/303 278/273/276
f 305/300/303 276/271/274 278/273/276
f 276/271/274 305/300/303 304/299/302
f 308/301/304 307/302/305 306/303/306
f 311/304/307 310/305/308 309/306/309
f 312/307/310 311/304/307 309/306/309
f 315/308/311 314/309/312 313/310/313
f 315/308/311 313/310/313 316/311/314
f 319/312/315 318/313/316 317/314/317
f 320/315/318 317/314/317 318/313/316
f 323/316/319 322/317/320 321/318/321
f 321/318/321 324/319/322 323/316/319
f 325/320/323 323/316/319 324/319/322
f 328/321/324 327/322/325 326/323/326
f 328/321/324 329/223/327 327/322/325
f 330/324/328 329/223/327 328/321/324
f 328/321/324 331/325/329 330/324/328
f 331/325/329 332/326/330 330/324/328
f 333/327/331 330/324/328 332/326/330
f 332/326/330 334/328/332 333/327/331
f 334/328/332 335/329/333 333/327/331
f 335/329/333 334/328/332 336/330/334
f 336/330/334 334/328/332 337/331/335
f 340/332/336 339/333/337 338/334/338
f 340/332/336 338/334/338 341/335/339
f 343/336/340 342/337/341 338/334/338
f 342/337/341 343/336/340 344/338/342
f 345/339/343 344/338/342 343/336/340
f 343/336/340 346/340/344 345/339/343
f 343/336/340 347/341/345 346/340/344
f 347/341/345 348/342/346 346/340/344
f 349/343/347 348/342/346 347/341/345
f 347/341/345 350/344/348 349/343/347
f 350/344/348 347/341/345 351/323/349
f 352/345/350 351/323/349 347/341/345
f 352/345/350 347/341/345 343/336/340
f 343/336/340 353/346/351 352/345/350
f 343/336/340 338/334/338 353/346/351
f 353/346/351 338/334/338 354/347/352
f 339/333/337 354/347/352 338/334/338
f 354/347/352 339/333/337 355/348/353
f 356/349/354 355/348/353 339/333/337
f 357/350/355 355/348/353 356/349/354
f 357/350/355 356/349/354 358/351/356
f 359/352/357 346/340/344 348/342/346
f 360/353/358 355/348/353 357/350/355
f 361/354/359 355/348/353 360/353/358
f 361/354/359 362/355/360 355/348/353
f 362/355/360 363/356/361 355/348/353
f 355/348/353 363/356/361 354/347/352
f 363/356/361 353/346/351 354/347/352
f 366/357/362 365/358/363 364/359/364
f 369/360/365 368/361/366 367/362/367
f 369/360/365 367/362/367 370/363/368
f 370/363/368 371/364/369 369/360/365
f 372/365/370 371/364/369 370/363/368
f 374/366/371 367/362/367 373/367/372
f 373/367/372 367/362/367 368/361/366
f 375/368/373 373/367/372 368/361/366
f 377/369/374 283/278/281 376/370/375
f 376/370/375 283/278/281 375/368/373
f 375/368/373 283/278/281 373/367/372
f 279/274/277 373/367/372 283/278/281
f 373/367/372 279/274/277 374/366/371
f 279/274/277 277/272/275 374/366/371
f 374/366/371 277/272/275 367/362/367
f 275/268/271 367/362/367 277/272/275
f 275/268/271 378/371/376 367/362/367
f 367/362/367 378/371/376 370/363/368
f 370/363/368 378/371/376 379/372/377
f 379/372/377 372/365/370 370/363/368
f 379/372/377 380/373/378 372/365/370
f 381/374/379 380/373/378 379/372/377
f 384/375/380 383/376/381 382/377/382
f 385/378/383 382/377/382 383/376/381
f 388/379/384 387/380/385 386/381/386
f 386/381/386 389/382/387 388/379/384
f 389/382/387 390/383/388 388/379/384
f 392/384/389 391/385/390 388/379/384
f 391/385/390 393/386/391 388/379/384
f 393/386/391 387/380/385 388/379/384
f 394/387/392 387/380/385 393/386/391
f 395/388/393 387/380/385 394/387/392
f 395/388/393 396/389/394 387/380/385
f 397/390/395 396/389/394 395/388/393
f 398/391/396 397/390/395 395/388/393
f 395/388/393 399/392/397 398/391/396
f 402/393/398 401/394/399 400/395/400
f 403/396/401 402/393/398 400/395/400
f 403/396/401 394/387/392 402/393/398
f 402/393/398 394/387/392 393/386/391
f 393/386/391 404/397/402 402/393/398
f 407/372/403 406/398/404 405/399/405
f 408/400/406 406/398/404 407/372/403
f 409/401/407 406/398/404 408/400/406
f 412/402/408 411/403/409 410/404/410
f 413/405/411 412/402/408 410/404/410
f 412/402/408 413/405/411 405/399/405
f 405/399/405 414/406/412 412/402/408
f 405/399/405 406/398/404 414/406/412
f 406/398/404 415/407/413 414/406/412
f 415/407/413 406/398/404 416/408/414
f 406/398/404 409/401/407 416/408/414
f 409/401/407 417/296/415 416/408/414
f 418/409/416 416/408/414 417/296/415
f 418/409/416 419/410/417 416/408/414
f 414/406/412 411/403/409 412/402/408
f 419/410/417 420/411/418 416/408/414
f 416/408/414 420/411/418 421/412/419
f 421/412/419 422/413/420 416/408/414
f 416/408/414 422/413/420 415/407/413
f 423/414/421 415/407/413 422/413/420
f 423/414/421 414/406/412 415/407/413
f 414/406/412 423/414/421 424/415/422
f 411/403/409 414/406/412 424/415/422
f 411/403/409 424/415/422 425/416/423
f 411/403/409 425/416/423 426/417/424
f 425/416/423 427/418/425 426/417/424
f 427/418/425 428/419/426 426/417/424
f 429/420/427 428/419/426 427/418/425
f 430/421/428 428/419/426 429/420/427
f 429/420/427 431/422/429 430/421/428
f 431/422/429 432/423/430 430/421/428
f 432/423/430 431/422/429 433/424/431
f 432/423/430 433/424/431 434/425/432
f 433/424/431 423/414/421 422/413/420
f 430/421/428 435/426/433 428/419/426
f 425/416/423 424/415/422 427/418/425
f 423/414/421 427/418/425 424/415/422
f 423/414/421 436/427/434 427/418/425
f 436/427/434 423/414/421 433/424/431
f 431/422/429 436/427/434 433/424/431
f 436/427/434 431/422/429 437/428/435
f 438/429/436 437/428/435 431/422/429
f 431/422/429 429/420/427 438/429/436
f 427/418/425 439/430/437 429/420/427
f 439/430/437 427/418/425 436/427/434
f 442/431/438 441/432/439 440/433/440
f 441/432/439 442/431/438 430/421/428
f 442/431/438 435/426/433 430/421/428
f 443/434/441 435/426/433 442/431/438
f 444/435/442 435/426/433 443/434/441
f 446/436/443 445/437/444 434/425/432
f 445/437/444 432/423/430 434/425/432
f 430/421/428 432/423/430 445/437/444
f 441/432/439 430/421/428 445/437/444
f 441/432/439 445/437/444 447/438/445
f 440/433/440 441/432/439 447/438/445
f 448/439/446 440/433/440 447/438/445
f 440/433/440 448/439/446 449/440/447
f 444/435/442 449/440/447 448/439/446
f 444/435/442 448/439/446 450/441/448
f 435/426/433 444/435/442 450/441/448
f 450/441/448 451/442/449 435/426/433
f 435/426/433 451/442/449 428/419/426
f 428/419/426 451/442/449 452/443/450
f 452/443/450 426/417/424 428/419/426
f 426/417/424 452/443/450 453/444/451
f 426/417/424 453/444/451 411/403/409
f 453/444/451 410/404/410 411/403/409
f 451/442/449 450/441/448 454/445/452
f 410/404/410 453/444/451 455/446/453
f 455/446/453 453/444/451 456/447/454
f 452/443/450 456/447/454 453/444/451
f 452/443/450 457/448/455 456/447/454
f 452/443/450 451/442/449 457/448/455
f 451/442/449 458/449/456 457/448/455
f 456/447/454 457/448/455 459/450/457
f 447/438/445 445/437/444 446/436/443
f 434/425/432 447/438/445 446/436/443
f 447/438/445 434/425/432 460/451/458
f 461/452/459 447/438/445 460/451/458
f 461/452/459 448/439/446 447/438/445
f 448/439/446 461/452/459 462/453/460
f 462/453/460 463/454/461 448/439/446
f 464/455/462 448/439/446 463/454/461
f 464/455/462 463/454/461 465/287/463
f 434/425/432 433/424/431 422/413/420
f 460/451/458 434/425/432 422/413/420
f 421/412/419 460/451/458 422/413/420
f 466/456/464 460/451/458 421/412/419
f 460/451/458 466/456/464 467/457/465
f 460/451/458 467/457/465 461/452/459
f 468/458/466 461/452/459 467/457/465
f 462/453/460 461/452/459 468/458/466
f 468/458/466 469/459/467 462/453/460
f 468/458/466 470/460/468 469/459/467
f 471/461/469 470/460/468 468/458/466
f 472/462/470 470/460/468 471/461/469
f 420/411/418 468/458/466 467/457/465
f 468/458/466 420/411/418 419/410/417
f 473/463/471 468/458/466 419/410/417
f 473/463/471 471/461/469 468/458/466
f 464/455/462 475/286/472 474/464/473
f 448/439/446 464/455/462 474/464/473
f 450/441/448 448/439/446 474/464/473
f 474/464/473 476/465/474 450/441/448
f 479/466/475 478/467/476 477/468/477
f 482/469/478 481/470/479 480/471/480
f 482/469/478 483/472/481 481/470/479
f 483/472/481 484/473/482 481/470/479
f 483/472/481 485/474/483 484/473/482
f 485/474/483 483/472/481 486/475/484
f 488/476/485 487/477/486 485/474/483
f 488/476/485 485/474/483 489/478/487
f 489/478/487 485/474/483 486/475/484
f 489/478/487 486/475/484 490/479/488
f 493/480/489 492/481/490 491/482/491
f 493/480/489 491/482/491 480/471/480
f 493/480/489 480/471/480 494/483/492
f 480/471/480 481/470/479 494/483/492
f 494/483/492 481/470/479 495/484/493
f 498/485/494 497/486/495 496/487/496
f 496/487/496 497/486/495 487/477/486
f 485/474/483 487/477/486 497/486/495
f 485/474/483 497/486/495 499/488/497
f 484/473/482 485/474/483 499/488/497
f 499/488/497 500/489/498 484/473/482
f 484/473/482 500/489/498 481/470/479
f 500/489/498 501/490/499 481/470/479
f 501/490/499 495/484/493 481/470/479
f 502/491/500 495/484/493 501/490/499
f 503/492/501 495/484/493 502/491/500
f 503/492/501 494/483/492 495/484/493
f 504/493/502 494/483/492 503/492/501
f 493/480/489 494/483/492 504/493/502
f 505/494/503 493/480/489 504/493/502
f 506/495/504 493/480/489 505/494/503
f 506/495/504 507/496/505 493/480/489
f 507/496/505 492/481/490 493/480/489
f 498/485/494 499/488/497 497/486/495
f 505/494/503 504/493/502 508/497/506
f 509/498/507 502/491/500 501/490/499
f 512/499/508 511/500/509 510/501/510
f 515/502/511 514/503/512 513/504/513
f 515/502/511 513/504/513 516/505/514
f 517/506/515 515/502/511 516/505/514
f 518/507/516 517/506/515 516/505/514
f 518/507/516 516/505/514 519/508/517
f 519/508/517 516/505/514 520/509/518
f 516/505/514 521/510/519 520/509/518
f 516/505/514 522/511/520 521/510/519
f 524/512/521 523/513/522 522/511/520
f 525/514/523 524/512/521 522/511/520
f 516/505/514 525/514/523 522/511/520
f 516/505/514 526/515/524 525/514/523
f 516/505/514 513/504/513 526/515/524
f 513/504/513 527/516/525 526/515/524
f 527/516/525 529/517/526 528/518/527
f 526/515/524 527/516/525 528/518/527
f 530/519/528 526/515/524 528/518/527
f 531/520/529 526/515/524 530/519/528
f 526/515/524 531/520/529 532/521/530
f 526/515/524 532/521/530 533/522/531
f 533/522/531 525/514/523 526/515/524
f 525/514/523 533/522/531 534/523/532
f 537/524/533 536/181/534 535/525/535
f 540/526/536 539/527/537 538/528/538
f 540/526/536 538/528/538 541/529/539
f 541/529/539 542/530/540 540/526/536
f 540/526/536 542/530/540 543/531/541
f 540/526/536 543/531/541 544/532/542
f 545/533/543 544/532/542 543/531/541
f 544/532/542 545/533/543 546/534/544
f 546/534/544 547/535/545 544/532/542
f 548/536/546 544/532/542 547/535/545
f 549/537/547 547/535/545 546/534/544
f 550/538/548 547/535/545 549/537/547
f 553/539/549 552/540/549 551/541/549
f 554/542/549 552/540/549 553/539/549
f 555/543/549 552/540/549 554/542/549
f 558/544/550 557/545/551 556/546/552
f 559/543/553 557/545/551 558/544/550
f 560/547/554 557/545/551 559/543/553
f 563/548/555 562/549/556 561/550/557
f 563/548/555 564/551/558 562/549/556
f 565/552/559 564/551/558 563/548/555
f 564/551/558 565/552/559 566/553/560
f 566/553/560 567/554/561 564/551/558
f 568/555/562 567/554/561 566/553/560
f 567/554/561 568/555/562 569/556/563
f 570/557/564 567/554/561 569/556/563
f 569/556/563 571/558/565 570/557/564
f 571/558/565 572/559/566 570/557/564
f 570/557/564 572/559/566 573/560/567
f 572/559/566 574/46/568 573/560/567
f 573/560/567 574/46/568 575/561/569
f 578/562/570 577/563/571 576/564/572
f 576/564/572 579/565/573 578/562/570
f 579/565/573 576/564/572 580/566/574
f 580/566/574 581/567/575 579/565/573
f 581/567/575 580/566/574 582/568/576
f 585/569/577 584/570/578 583/571/579
f 583/571/579 584/570/578 586/572/580
f 587/573/581 583/571/579 586/572/580
f 588/574/582 583/571/579 587/573/581
f 589/575/583 588/574/582 587/573/581
f 590/576/584 588/574/582 589/575/583
f 591/577/585 590/576/584 589/575/583
f 592/578/586 590/576/584 591/577/585
f 593/579/587 592/578/586 591/577/585
f 594/580/588 592/578/586 593/579/587
f 595/581/589 594/580/588 593/579/587
f 596/582/590 594/580/588 595/581/589
f 597/583/591 596/582/590 595/581/589
f 598/584/592 596/582/590 597/583/591
f 599/585/593 598/584/592 597/583/591
f 600/586/594 598/584/592 599/585/593
f 588/574/582 590/576/584 601/587/595
f 592/578/586 594/580/588 602/588/596
f 605/589/597 604/590/598 603/591/599
f 608/592/600 607/593/601 606/594/602
f 606/594/602 607/593/601 609/595/603
f 607/593/601 610/596/604 609/595/603
f 611/172/605 609/595/603 610/596/604
f 611/172/605 610/596/604 612/597/606
f 612/597/606 613/598/607 611/172/605
f 614/599/608 613/598/607 612/597/606
f 614/599/608 612/597/606 615/600/609
f 615/600/609 612/597/606 616/601/610
f 615/600/609 616/601/610 617/602/611
f 615/600/609 617/602/611 618/603/612
f 618/603/612 617/602/611 619/146/613
f 617/602/611 620/604/614 619/146/613
f 621/605/615 619/146/613 620/604/614
f 622/606/616 621/605/615 620/604/614
f 623/607/617 621/605/615 622/606/616
f 622/606/616 624/608/618 623/607/617
f 624/608/618 625/227/619 623/607/617
f 625/227/619 624/608/618 626/609/620
f 626/609/620 624/608/618 627/610/621
f 630/611/622 629/612/623 628/613/624
f 633/614/625 632/615/626 631/616/627
f 632/615/626 634/617/628 631/616/627
f 635/618/629 634/617/628 632/615/626
f 636/619/630 635/618/629 632/615/626
f 637/620/631 635/618/629 636/619/630
f 637/620/631 636/619/630 638/621/632
f 636/619/630 639/622/633 638/621/632
f 638/621/632 639/622/633 640/623/634
f 641/624/635 638/621/632 640/623/634
f 642/625/636 641/624/635 640/623/634
f 642/625/636 643/626/637 641/624/635
f 643/626/637 644/627/638 641/624/635
f 644/627/638 643/626/637 645/628/639
f 643/626/637 646/629/640 645/628/639
f 645/628/639 646/629/640 647/630/641
f 646/629/640 648/612/642 647/630/641
f 651/631/643 650/632/644 649/614/645
f 652/633/646 650/632/644 651/631/643
f 655/634/647 654/635/648 653/636/649
f 656/637/650 654/635/648 655/634/647
f 657/638/651 656/637/650 655/634/647
f 660/639/652 659/640/653 658/641/654
f 661/642/655 659/640/653 660/639/652
f 662/643/656 659/640/653 661/642/655
f 663/644/657 659/640/653 662/643/656
f 664/645/658 659/640/653 663/644/657
f 667/646/659 666/647/660 665/648/661
f 668/649/662 666/647/660 667/646/659
f 671/650/663 670/651/664 669/652/665
f 672/653/666 670/651/664 671/650/663
f 670/651/664 672/653/666 673/654/667
f 670/651/664 673/654/667 674/655/668
f 677/656/669 676/657/670 675/658/671
f 675/658/671 678/659/672 677/656/669
f 679/660/673 678/659/672 675/658/671
f 682/661/674 681/662/675 680/663/676
f 683/664/677 681/662/675 682/661/674
f 684/665/678 681/662/675 683/664/677
f 687/159/679 686/666/680 685/667/681
f 690/668/682 689/669/682 688/316/683
f 693/670/684 692/671/685 691/672/686
f 696/673/687 695/674/688 694/675/689
f 699/676/690 698/677/691 697/676/692
f 702/319/693 701/318/693 700/678/693
f 705/679/694 704/680/695 703/681/696
f 708/682/697 707/683/698 706/684/699
f 709/685/700 707/683/698 708/682/697
f 708/682/697 710/686/701 709/685/700
f 713/687/702 712/688/703 711/689/704
f 714/690/705 712/688/703 713/687/702
f 717/691/706 716/692/707 715/693/708
f 720/377/709 719/694/709 718/375/709
f 723/695/710 722/696/711 721/697/712
f 724/698/713 722/696/711 723/695/710
f 727/699/714 726/700/715 725/701/716
f 725/701/716 726/700/715 728/702/717
f 726/700/715 729/703/718 728/702/717
f 726/700/715 730/704/719 729/703/718
f 731/705/720 730/704/719 726/700/715
f 731/705/720 726/700/715 722/696/711
f 731/705/720 722/696/711 732/706/721
f 732/706/721 722/696/711 724/698/713
f 733/707/722 732/706/721 724/698/713
f 724/698/713 734/708/723 733/707/722
f 723/695/710 734/708/723 724/698/713
f 737/709/724 736/710/725 735/711/726
f 738/712/727 736/710/725 737/709/724
f 741/713/728 740/714/729 739/653/730
f 742/715/731 740/714/729 741/713/728
f 745/716/732 744/717/733 743/718/734
f 746/719/735 744/717/733 745/716/732
f 747/720/736 744/717/733 746/719/735
f 750/721/737 749/722/738 748/723/739
f 749/722/738 750/721/737 751/724/740
f 750/721/737 752/725/741 751/724/740
f 751/724/740 752/725/741 753/726/742
f 756/727/743 755/728/744 754/729/745
f 757/730/746 755/728/744 756/727/743
f 756/727/743 758/731/747 757/730/746
f 759/732/748 757/730/746 758/731/747
f 762/733/749 761/734/750 760/735/751
f 765/736/752 764/313/753 763/647/754
f 768/737/755 767/738/756 766/728/757
f 771/739/758 770/740/759 769/741/760
f 774/742/761 773/743/762 772/744/763
f 777/745/764 776/746/765 775/747/766
f 780/748/767 779/749/768 778/750/769
f 781/751/770 778/750/769 779/749/768
f 781/751/770 782/752/771 778/750/769
f 778/750/769 782/752/771 783/753/772
f 784/754/773 783/753/772 782/752/771
f 785/755/774 784/754/773 782/752/771
f 787/756/775 785/755/774 786/757/776
f 786/757/776 785/755/774 782/752/771
f 788/758/777 786/757/776 782/752/771
f 782/752/771 789/759/778 788/758/777
f 790/760/779 789/759/778 782/752/771
f 781/751/770 790/760/779 782/752/771
f 791/761/780 790/760/779 781/751/770
f 792/762/781 791/761/780 781/751/770
f 792/762/781 793/763/782 791/761/780
f 792/762/781 794/764/783 793/763/782
f 793/763/782 794/764/783 795/765/784
f 794/764/783 796/766/785 795/765/784
f 794/764/783 797/767/786 796/766/785
f 792/762/781 797/767/786 794/764/783
f 791/761/780 793/763/782 798/768/787
f 801/769/788 800/770/789 799/771/790
f 800/770/789 803/772/791 802/773/792
f 804/774/793 800/770/789 802/773/792
f 806/390/794 799/771/790 805/775/795
f 799/771/790 800/770/789 805/775/795
f 807/776/796 805/775/795 800/770/789
f 807/776/796 800/770/789 808/777/797
f 808/777/797 800/770/789 804/774/793
f 809/778/798 808/777/797 804/774/793
f 804/774/793 810/779/799 809/778/798
f 810/779/799 811/780/800 809/778/798
f 812/781/801 808/777/797 809/778/798
f 810/779/799 804/774/793 813/782/802
f 814/783/803 807/776/796 808/777/797
f 814/783/803 808/777/797 815/784/804
f 816/785/805 815/784/804 808/777/797
f 816/785/805 817/786/806 815/784/804
f 820/787/807 819/788/808 818/789/809
f 821/790/810 819/788/808 820/787/807
f 824/791/811 823/792/812 822/793/813
f 825/794/814 823/792/812 824/791/811
f 825/794/814 826/795/815 823/792/812
f 829/796/816 828/797/817 827/798/818
f 829/796/816 830/799/819 828/797/817
f 831/800/820 830/799/819 829/796/816
f 830/799/819 831/800/820 832/801/821
f 831/800/820 833/802/822 832/801/821
f 831/800/820 834/803/823 833/802/822
f 835/804/824 834/803/823 831/800/820
f 838/61/825 837/805/826 836/806/827
f 837/805/826 838/61/825 839/60/828
f 840/68/829 837/805/826 839/60/828
f 841/807/830 837/805/826 840/68/829
f 841/807/830 840/68/829 842/808/831
f 842/808/831 840/68/829 843/58/832
f 844/53/833 842/808/831 843/58/832
f 845/55/834 842/808/831 844/53/833
f 846/809/835 842/808/831 845/55/834
f 847/57/836 846/809/835 845/55/834
f 848/810/837 846/809/835 847/57/836
usemtl materials/models/81116/eyeball
f 851/9/9 850/1/1 849/3/3
f 853/2/2 850/1/838 852/4/4
f 855/7/839 854/6/840 851/9/9
f 858/811/841 857/812/842 856/813/843
f 859/814/844 856/813/843 857/812/842
f 862/815/845 861/816/846 860/817/847
f 862/815/845 863/818/848 861/816/846
o umbrella_man.mdl/umbrella
o umbrella_man.mdl/umbrella.smd
v -0.098336 1.715467 0.331155
v -0.263706 1.653743 0.258620
v -0.187892 1.638617 0.439028
v -0.478112 1.468234 -0.050712
v -0.496032 1.487169 0.061825
v -0.318615 1.643231 0.126226
v -0.515056 1.382626 0.402109
v -0.263706 1.653743 0.258620
v -0.235553 1.482149 0.632896
v -0.140587 1.542557 0.617003
v -0.128173 1.433920 0.700985
v -0.231849 1.392586 0.689830
v -0.210329 1.312116 0.687540
v -0.351564 1.373426 0.562693
v -0.514112 1.287730 0.448091
v -0.541061 1.310574 0.328778
v -0.538802 1.388268 -0.008181
v -0.488113 1.357009 -0.071216
v -0.339654 1.527490 -0.094427
v -0.508674 1.331630 -0.009910
v -0.204786 1.700412 0.145147
v -0.285796 1.624262 -0.018742
v -0.225917 1.613187 -0.177229
v -0.071811 1.378360 0.724362
v -0.067030 1.382066 0.689265
v -0.334923 1.482642 -0.155806
v -0.215317 1.565355 -0.239341
v -0.314759 1.615884 -0.088493
v -0.526796 1.434878 -0.069699
v -0.553651 1.310350 0.019222
v -0.552914 1.270813 0.213544
v -0.508763 1.226070 0.412786
v -0.152660 1.695266 -0.192602
v -0.143618 1.729093 0.071048
v -0.352843 1.643016 0.056969
v -0.504236 1.526042 0.037624
v -0.559531 1.422692 0.096636
v -0.538849 1.405484 0.395587
v -0.570225 1.292702 0.404373
v -0.519031 1.209419 0.448263
v -0.345927 1.280221 0.599983
v -0.249151 1.417744 0.716759
v -0.143382 1.434610 0.732630
v -0.009135 1.538219 0.664284
v -0.155949 1.560203 0.638277
v -0.256421 1.552044 0.569243
v -0.420956 1.372175 0.546834
v -0.321784 1.625232 0.331979
v -0.302280 1.687259 0.173162
v -0.188381 1.692631 0.395015
v -0.188381 1.692631 0.395015
v -0.217687 1.727785 0.145164
v -0.188381 1.692631 0.395015
v -0.018381 1.761204 0.193827
v -0.102312 1.748549 0.318382
v -0.188381 1.692631 0.395015
v 0.018697 1.745399 -0.044173
v 0.142663 1.790463 0.039409
v -0.009135 1.538219 0.664284
v -0.155949 1.560203 0.638277
v 0.122916 1.652404 0.576666
v -0.077100 1.698664 0.450859
v -0.188381 1.692631 0.395015
v 0.079899 1.744032 0.393011
v 0.222592 1.779224 0.150835
v 0.214681 1.717327 -0.007789
v 0.284014 1.717788 0.150847
v 0.266277 1.697741 0.149459
v 0.247821 1.604018 0.477261
v 0.204271 1.674270 0.504136
v 0.254568 1.588736 0.547819
v 0.148811 1.592940 0.588344
v 0.197631 1.647222 0.500317
v 0.129587 1.669510 0.504580
v 0.211665 1.750798 0.151837
v 0.207291 1.707686 0.017982
v -0.104616 1.606237 -0.233090
v 0.017006 1.703158 -0.059121
v 0.113011 1.759006 0.056005
v 0.198435 1.551538 0.619428
v 0.036661 1.735578 0.279456
v -0.094479 1.707548 0.065404
v -0.147193 1.668222 -0.176717
v -0.167921 1.571843 -0.218949
v -0.098336 1.715467 0.331155
v -0.140587 1.542557 0.617003
v -0.128173 1.433920 0.700985
v -0.067030 1.382066 0.689265
v -0.071811 1.378360 0.724362
v -0.187892 1.638617 0.439028
v -0.263706 1.653743 0.258620
v -0.546447 1.422150 0.009010
v -0.259995 1.665778 0.304606
v -0.248288 1.677051 0.285587
v -0.244766 1.644203 0.281978
v -0.542883 1.311760 0.424902
v -0.514678 1.452373 -0.041890
v -0.194969 1.655659 -0.182961
v -0.140591 1.681291 -0.174055
v -0.224214 1.654165 0.287563
v 0.169778 1.773867 0.075566
v 0.193723 1.772322 0.126768
v -0.237687 1.676275 0.308154
v 0.167237 1.646554 0.542155
v -0.234929 1.641595 0.306089
v -0.259995 1.665778 0.304606
v -0.194367 1.415716 0.704272
v -0.542883 1.311760 0.424902
v -0.244766 1.644203 0.281978
v -0.224214 1.654165 0.287563
v -0.234929 1.641595 0.306089
v -0.244766 1.644203 0.281978
v -0.172430 1.514681 0.256201
v -0.510746 1.447390 -0.031702
v -0.158716 1.490743 0.248066
v -0.190998 1.650706 -0.172794
v 0.173799 1.768930 0.085768
v -0.154897 1.522923 0.267899
v 0.197630 1.767331 0.137020
v -0.139802 1.496417 0.262655
v -0.136631 1.676315 -0.163756
v 0.289320 0.658012 0.017344
v 0.287056 0.641196 0.044695
v 0.271420 0.643057 -0.036699
v 0.283013 0.661002 -0.019023
v -0.538652 1.306314 0.434981
v -0.164611 1.483074 0.264994
v -0.542422 1.417210 0.019279
v 0.267280 0.642151 0.023114
v 0.260008 0.658813 -0.020286
v 0.257272 0.708812 -0.027276
v 0.230765 0.700154 -0.028345
v 0.260008 0.658813 -0.020286
v 0.267280 0.642151 0.023114
v -0.164611 1.483074 0.264994
v -0.190256 1.410479 0.714416
v 0.230765 0.700154 -0.028345
v -0.166796 1.510666 0.279321
v -0.538652 1.306314 0.434981
v -0.172430 1.514681 0.256201
v 0.171451 1.641106 0.552236
v -0.172430 1.514681 0.256201
v -0.154897 1.522923 0.267899
v -0.166796 1.510666 0.279321
vn 0.3926 -0.8199 -0.4167
vn 0.5399 -0.8142 -0.2137
vn 0.2241 -0.9431 -0.2457
vn 0.5689 -0.8222 0.0177
vn 0.7877 -0.6152 0.0314
vn 0.6534 -0.4674 0.5955
vn 0.8252 -0.4359 -0.3594
vn 0.4981 -0.5773 -0.6471
vn 0.1897 -0.7149 -0.6731
vn 0.0110 -0.2755 -0.9612
vn 0.4514 -0.1268 -0.8832
vn 0.3389 -0.9281 0.1539
vn 0.6671 -0.0901 -0.7395
vn 0.8137 -0.0017 -0.5813
vn 0.9961 0.0837 -0.0264
vn 0.9511 -0.0544 0.3041
vn 0.2093 -0.9111 -0.3552
vn 0.5823 -0.5318 0.6149
vn 0.8184 -0.5740 0.0265
vn 0.3164 -0.9468 0.0596
vn 0.5141 -0.8184 0.2568
vn 0.5941 -0.4692 0.6533
vn 0.2488 -0.6960 -0.6736
vn 0.4165 -0.5481 0.7253
vn -0.5643 0.7044 -0.4305
vn -0.2213 -0.2479 -0.9432
vn -0.3469 -0.0930 -0.9333
vn -0.7559 0.1788 -0.6297
vn -0.6331 -0.6981 -0.3344
vn -0.6019 -0.7736 -0.1980
vn 0.7661 -0.5197 -0.3781
vn -0.5285 0.8333 -0.1624
vn -0.2503 0.9556 -0.1556
vn -0.1803 0.7853 -0.5923
vn -0.7504 0.6476 -0.1324
vn -0.9677 0.2504 -0.0293
vn -0.8109 0.4658 0.3542
vn -0.9427 -0.0988 0.3186
vn -0.3255 -0.8861 0.3299
vn -0.3400 -0.7119 0.6145
vn -0.4510 0.1535 0.8792
vn -0.0423 0.1944 0.9800
vn 0.0808 0.4777 0.8748
vn -0.2512 0.7072 0.6609
vn -0.5349 0.6797 0.5018
vn -0.6883 0.2150 0.6929
vn -0.4071 0.8431 0.3514
vn -0.5357 0.8408 0.0781
vn -0.6031 0.7467 0.2806
vn -0.3251 0.9422 -0.0807
vn -0.2101 0.9592 0.1894
vn -0.1169 0.9931 0.0116
vn 0.1652 0.9381 -0.3044
vn 0.0375 0.9026 -0.4288
vn 0.1348 0.7357 0.6638
vn -0.1864 0.8700 0.4565
vn -0.4070 0.8431 0.3514
vn 0.0431 0.9519 0.3034
vn 0.4202 0.9073 0.0160
vn 0.7749 -0.0275 -0.6315
vn 0.9869 0.0753 -0.1423
vn 0.0909 -0.9780 -0.1877
vn 0.0062 -0.9508 -0.3098
vn 0.4833 0.7658 0.4241
vn 0.9368 -0.3427 0.0705
vn -0.2058 -0.5168 -0.8310
vn -0.3561 -0.9268 0.1190
vn -0.1318 -0.8732 -0.4692
vn -0.4209 -0.9067 -0.0256
vn 0.1826 -0.9823 0.0421
vn 0.6744 -0.4144 -0.6111
vn -0.0434 -0.9036 0.4261
vn -0.0457 -0.9689 0.2432
vn 0.6881 -0.2191 0.6918
vn 0.0458 -0.9870 -0.1541
vn 0.2173 -0.9680 0.1254
vn 0.1999 -0.8271 0.5254
vn 0.5306 -0.8245 0.1969
vn 0.2240 -0.9431 -0.2457
vn 0.2488 -0.6959 -0.6736
vn 0.5398 -0.8142 -0.2137
vn 0.3779 -0.8988 0.2223
vn 0.7725 -0.5062 -0.3834
vn 0.7607 0.6419 0.0961
vn 0.6335 0.7244 -0.2720
vn -0.1808 0.8915 0.4155
vn 0.2351 0.1402 0.9618
vn 0.3535 0.2189 0.9094
vn -0.6475 -0.2548 0.7182
vn -0.6961 0.6316 0.3415
vn -0.5082 -0.2070 0.8360
vn -0.9676 -0.1726 -0.1842
vn 0.0168 -0.8607 -0.5089
vn -0.8558 0.0233 -0.5168
vn -0.4210 0.8969 -0.1352
vn 0.7725 -0.5062 -0.3835
vn -0.1056 0.5205 -0.8473
vn 0.6334 0.7244 -0.2720
vn -0.1807 0.8915 0.4154
vn -0.6961 0.6315 0.3415
vn 0.0729 -0.5763 -0.8140
vn -0.4369 0.1037 -0.8935
vn -0.5946 0.7945 -0.1237
vn -0.3654 0.1553 -0.9178
vn -0.2631 0.9111 0.3173
vn 0.2568 0.4372 -0.8619
vn 0.8533 0.5192 0.0486
vn 0.9520 -0.3059 -0.0067
vn 0.6026 0.5452 -0.5828
vn 0.8651 0.3852 -0.3214
vn 0.4632 -0.5958 0.6562
vn 0.0813 -0.6650 -0.7424
vn 0.8958 0.4443 -0.0150
vn -0.2747 -0.9446 0.1799
vn -0.8203 -0.4340 0.3725
vn -0.9191 -0.3941 0.0021
vn -0.7559 -0.6536 -0.0366
vn -0.8568 -0.1678 0.4876
vn 0.2271 0.9738 0.0056
vn -0.8734 0.4859 -0.0323
vn -0.7560 -0.6536 -0.0367
vn -0.0728 -0.1902 0.9790
vn -0.8734 0.4859 -0.0322
vn -0.4147 0.6494 0.6374
vn -0.8203 -0.4340 0.3726
vn -0.5946 0.7944 -0.1238
vn 0.7228 0.2910 0.6268
vn -0.2632 0.9111 0.3173
vn -0.5946 0.7944 -0.1237
vt 0.958577 0.885389
vt 0.984375 1.000000
vt 1.000000 0.937500
vt 0.577561 0.855168
vt 0.641580 0.711958
vt 0.593750 0.615672
vt 0.778678 0.703557
vt 0.650578 0.935559
vt 0.933589 0.710066
vt 0.975720 0.732205
vt 0.976017 0.584061
vt 0.931381 0.598172
vt 0.925293 0.500000
vt 0.873318 0.626835
vt 0.795459 0.587165
vt 0.746022 0.597929
vt 0.641863 0.587119
vt 0.616365 0.500000
vt 0.552101 0.589325
vt 0.644074 0.500000
vt 0.473023 0.899357
vt 0.525143 0.734775
vt 0.500000 0.591367
vt 0.981007 0.500000
vt 0.978754 0.500000
vt 0.532020 0.642805
vt 0.500000 0.508058
vt 0.551839 0.503853
vt 0.615154 0.596850
vt 0.656250 0.510691
vt 0.715142 0.505523
vt 0.785926 0.500000
vt 0.562700 0.802297
vt 0.461377 0.843231
vt 0.460738 0.610338
vt 0.628500 0.717855
vt 0.668971 0.648473
vt 0.769432 0.707789
vt 0.770433 0.596728
vt 0.791782 0.503823
vt 0.872893 0.503687
vt 0.932438 0.620023
vt 0.968750 0.595331
vt 1.000000 0.602847
vt 0.976700 0.721392
vt 0.927650 0.775534
vt 0.848416 0.649902
vt 0.671875 1.000000
vt 0.583846 0.898148
vt 0.765818 0.910847
vt 0.966173 0.926619
vt 0.546875 1.000000
vt 0.475838 0.901829
vt 0.185446 0.937218
vt 0.301246 0.822240
vt 0.296875 1.000000
vt 0.320450 0.616075
vt 0.382463 0.628306
vt 0.093877 0.642768
vt 0.015336 0.726080
vt 0.030217 0.602847
vt 0.079918 0.847683
vt 0.025206 0.926619
vt 0.166003 0.771376
vt 0.270979 0.598657
vt 0.322367 0.500000
vt 0.264067 0.500000
vt 0.264606 0.500000
vt 0.143116 0.505274
vt 0.135842 0.590345
vt 0.121191 0.500000
vt 0.088152 0.590293
vt 0.133748 0.584294
vt 0.111140 0.697352
vt 0.271109 0.596716
vt 0.317067 0.506424
vt 0.457099 0.500000
vt 0.383678 0.609934
vt 0.318184 0.651868
vt 0.086786 0.506869
vt 0.235933 0.797901
vt 0.420433 0.805718
vt 0.461110 0.608538
vt 0.486884 0.500000
vt 0.158494 0.928478
vt 0.001803 0.732205
vt 0.001257 0.564468
vt 0.003803 0.500000
vt 0.002684 0.500000
vt 0.018070 0.875000
vt 0.265625 1.000000
vt 0.708585 1.000000
vt 0.958793 1.000000
vt 0.916667 1.000000
vt 1.000000 1.000000
vt 0.853655 1.000000
vt 0.833333 1.000000
vt 0.750000 1.000000
vt 0.666667 1.000000
vt 0.541272 1.000000
vt 0.583333 1.000000
vt 0.500000 1.000000
vt 0.375381 1.000000
vt 0.374999 1.000000
vt 0.208512 1.000000
vt 0.288426 1.000000
vt 0.208330 1.000000
vt 0.041670 1.000000
vt 0.000000 1.000000
vt 0.438625 0.321733
vt 0.109803 0.322252
vt 0.310000 0.026077
vt 0.790367 1.000000
vt 0.814518 1.000000
vt 0.470314 1.000000
vt 0.448847 1.000000
vt 0.580550 0.500000
vt 0.255450 0.500000
vt 0.201903 0.500000
vt 0.578214 0.500000
vt 0.956866 1.000000
vt 0.939642 0.500000
vt 0.882300 0.500000
vt 0.516930 0.500000
vt 0.132536 0.500000
vt 0.000000 0.500000
vt 0.038029 0.500000
vt 0.059687 1.000000
vt 0.208336 1.000000
vt 0.945968 0.500000
vt 0.196136 1.000000
vt 0.041663 1.000000
vt 0.375002 1.000000
vt 0.069588 0.371901
vt 0.228589 0.072379
vt 0.406435 0.377488
s 1
usemtl materials/models/81116/int_highlight
f 866/819/849 865/820/850 864/821/851
f 869/822/852 868/823/853 867/824/854
f 870/825/855 868/823/853 869/822/852
f 871/826/850 870/825/855 869/822/852
f 871/826/850 866/819/849 870/825/855
f 870/825/855 866/819/849 872/827/856
f 866/819/849 873/828/857 872/827/856
f 873/828/857 874/829/858 872/827/856
f 874/829/858 875/830/859 872/827/856
f 876/831/860 875/830/859 874/829/858
f 877/832/861 875/830/859 876/831/860
f 877/832/861 876/831/860 878/833/862
f 878/833/862 870/825/855 877/832/861
f 870/825/855 878/833/862 879/834/863
f 868/823/853 870/825/855 879/834/863
f 880/835/864 868/823/853 879/834/863
f 868/823/853 880/835/864 867/824/854
f 881/836/865 867/824/854 880/835/864
f 882/837/866 867/824/854 881/836/865
f 872/827/856 875/830/859 877/832/861
f 870/825/855 872/827/856 877/832/861
f 883/838/867 881/836/865 880/835/864
f 871/826/850 869/822/852 884/839/868
f 884/839/868 869/822/852 885/840/869
f 869/822/852 867/824/854 885/840/869
f 885/840/869 867/824/854 882/837/866
f 886/841/870 885/840/869 882/837/866
f 888/842/871 887/843/872 876/831/860
f 888/842/871 876/831/860 874/829/858
f 891/844/873 890/845/874 889/846/875
f 891/844/873 889/846/875 892/847/876
f 889/846/875 881/836/865 892/847/876
f 892/847/876 881/836/865 893/848/877
f 883/838/867 893/848/877 881/836/865
f 894/849/878 893/848/877 883/838/867
f 895/850/879 894/849/878 883/838/867
f 880/835/864 895/850/879 883/838/867
f 880/835/864 879/834/863 895/850/879
f 879/834/863 878/833/862 895/850/879
f 876/831/860 895/850/879 878/833/862
f 898/851/880 897/852/881 896/853/882
f 891/844/873 898/851/880 896/853/882
f 898/851/880 891/844/873 899/854/883
f 891/844/873 892/847/876 899/854/883
f 899/854/883 892/847/876 900/855/884
f 900/855/884 892/847/876 893/848/877
f 900/855/884 893/848/877 894/849/878
f 899/854/883 900/855/884 901/856/885
f 900/855/884 902/857/886 901/856/885
f 900/855/884 894/849/878 902/857/886
f 894/849/878 903/858/887 902/857/886
f 895/850/879 903/858/887 894/849/878
f 903/858/887 895/850/879 904/859/888
f 895/850/879 876/831/860 904/859/888
f 904/859/888 876/831/860 905/860/889
f 876/831/860 887/843/872 905/860/889
f 887/843/872 906/861/890 905/860/889
f 907/862/891 906/861/890 887/843/872
f 908/863/892 906/861/890 907/862/891
f 908/863/892 905/860/889 906/861/890
f 909/864/893 905/860/889 908/863/892
f 910/865/894 905/860/889 909/864/893
f 909/864/893 901/856/885 910/865/894
f 901/856/885 902/857/886 910/865/894
f 910/865/894 902/857/886 903/858/887
f 910/865/894 903/858/887 904/859/888
f 910/865/894 904/859/888 905/860/889
f 913/866/895 912/867/896 911/868/897
f 901/856/885 911/868/897 912/867/896
f 911/868/897 901/856/885 909/864/893
f 914/869/895 911/868/897 909/864/893
f 909/864/893 908/863/892 914/869/895
f 916/870/895 915/871/898 912/867/896
f 918/872/899 917/873/900 915/871/898
f 919/874/895 918/872/899 915/871/898
f 917/873/900 921/875/901 920/876/902
f 924/877/903 923/878/892 922/879/891
f 925/880/904 923/878/892 924/877/903
f 925/880/904 926/881/905 923/878/892
f 926/881/905 925/880/904 918/872/899
f 925/880/904 927/882/906 918/872/899
f 918/872/899 927/882/906 917/873/900
f 927/882/906 928/883/907 917/873/900
f 917/873/900 928/883/907 921/875/901
f 929/884/908 921/875/901 928/883/907
f 920/876/902 921/875/901 929/884/908
f 896/853/882 920/876/902 929/884/908
f 920/876/902 896/853/882 917/873/900
f 896/853/882 897/852/881 917/873/900
f 917/873/900 897/852/881 915/871/898
f 897/852/881 898/851/880 915/871/898
f 915/871/898 898/851/880 912/867/896
f 898/851/880 899/854/883 912/867/896
f 899/854/883 901/856/885 912/867/896
f 930/885/909 929/884/908 928/883/907
f 929/884/908 930/885/909 931/886/910
f 932/887/911 931/886/910 930/885/909
f 925/880/904 924/877/903 927/882/906
f 927/882/906 924/877/903 933/888/912
f 928/883/907 927/882/906 933/888/912
f 933/888/912 930/885/909 928/883/907
f 933/888/912 934/889/913 930/885/909
f 934/889/913 932/887/911 930/885/909
f 932/887/911 934/889/913 935/890/914
f 936/891/915 932/887/911 935/890/914
f 935/890/914 937/892/916 936/891/915
f 936/891/915 937/892/916 932/887/911
f 937/892/916 938/893/917 932/887/911
f 932/887/911 938/893/917 931/886/910
f 931/886/910 938/893/917 939/894/918
f 939/894/918 929/884/908 931/886/910
f 939/894/918 940/895/919 929/884/908
f 940/895/919 896/853/882 929/884/908
f 896/853/882 940/895/919 890/845/874
f 891/844/873 896/853/882 890/845/874
f 939/894/918 941/896/920 940/895/919
f 939/894/918 942/897/921 941/896/920
f 938/893/917 942/897/921 939/894/918
f 933/888/912 943/898/922 934/889/913
f 924/877/903 943/898/922 933/888/912
f 937/892/916 944/899/923 938/893/917
f 938/893/917 944/899/923 942/897/921
f 942/897/921 944/899/923 945/900/924
f 942/897/921 945/900/924 941/896/920
f 945/900/924 946/901/925 941/896/920
f 941/896/920 946/901/925 940/895/919
f 946/901/925 947/902/926 940/895/919
f 940/895/919 947/902/926 890/845/874
f 890/845/874 947/902/926 889/846/875
f 947/902/926 881/836/865 889/846/875
f 947/902/926 882/837/866 881/836/865
f 886/841/870 882/837/866 947/902/926
f 946/901/925 886/841/870 947/902/926
f 946/901/925 885/840/869 886/841/870
f 945/900/924 885/840/869 946/901/925
f 884/839/868 885/840/869 945/900/924
f 884/839/868 945/900/924 944/899/923
f 948/903/927 884/839/868 944/899/923
f 948/903/927 944/899/923 937/892/916
f 949/904/857 948/903/927 937/892/916
f 949/904/857 937/892/916 950/905/858
f 937/892/916 935/890/914 950/905/858
f 951/906/928 950/905/858 935/890/914
f 934/889/913 951/906/928 935/890/914
f 952/907/872 951/906/928 934/889/913
f 943/898/922 952/907/872 934/889/913
f 922/879/891 952/907/872 943/898/922
f 922/879/891 943/898/922 924/877/903
f 949/904/857 953/908/849 948/903/927
f 948/903/927 954/909/929 884/839/868
f 957/910/930 956/911/931 955/912/932
f 956/911/931 959/913/933 958/914/934
f 955/912/932 956/911/931 958/914/934
f 960/915/935 955/912/932 958/914/934
f 960/915/935 957/910/930 955/912/932
f 957/910/930 960/915/935 958/914/934
f 961/916/936 957/910/930 958/914/934
f 961/916/936 962/917/937 957/910/930
f 961/916/936 958/914/934 962/917/937
f 958/914/934 963/918/938 962/917/937
f 957/910/930 962/917/937 963/918/938
f 964/919/939 957/910/930 963/918/938
f 957/910/930 964/919/939 965/920/940
f 965/920/940 964/919/939 963/918/938
f 966/921/941 965/920/940 963/918/938
f 967/922/942 966/921/941 963/918/938
f 966/921/941 967/922/942 968/923/943
f 968/923/943 967/922/942 963/918/938
f 966/921/941 957/910/930 965/920/940
f 966/921/941 969/924/944 957/910/930
f 966/921/941 970/925/945 969/924/944
f 970/925/945 966/921/941 968/923/943
f 969/924/944 970/925/945 968/923/943
f 971/926/946 969/924/944 968/923/943
f 971/926/946 968/923/943 972/927/947
f 975/928/947 974/929/943 973/930/948
f 978/931/949 977/915/950 976/932/951
f 979/916/952 978/931/949 976/932/951
f 976/932/951 981/933/953 980/919/954
f 981/933/953 982/920/955 980/919/954
f 983/934/956 982/920/955 981/933/953
f 980/919/954 982/920/955 983/934/956
f 980/919/954 983/934/956 976/932/951
f 983/934/956 984/917/957 976/932/951
f 984/917/957 979/916/952 976/932/951
f 984/917/957 983/934/956 979/916/952
f 983/934/956 978/931/949 979/916/952
f 983/934/956 985/935/958 978/931/949
f 986/936/959 985/935/958 983/934/956
f 985/935/958 986/936/959 987/937/960
f 988/938/961 985/935/958 987/937/960
f 990/939/962 989/913/963 976/932/951
f 991/912/964 990/939/962 976/932/951
f 977/915/950 991/912/964 976/932/951
f 990/939/962 991/912/964 977/915/950
f 978/931/949 990/939/962 977/915/950
f 978/931/949 992/940/965 990/939/962
f 985/935/958 992/940/965 978/931/949
f 992/940/965 985/935/958 993/941/966
f 985/935/958 988/938/961 993/941/966
f 994/942/967 993/941/966 988/938/961
f 987/937/960 994/942/967 988/938/961
f 995/943/968 994/942/967 987/937/960
f 995/943/968 987/937/960 996/944/966
f 996/944/966 987/937/960 997/945/969
f 987/937/960 986/936/959 997/945/969
f 997/945/969 986/936/959 998/946/962
f 998/946/962 986/936/959 983/934/956
f 999/947/970 998/946/962 983/934/956
f 994/942/967 1000/948/971 993/941/966
f 999/947/970 983/934/956 1001/949/972
f 998/946/962 999/947/970 1001/949/972
f 1002/950/973 998/946/962 1001/949/972
f 1003/927/974 1002/950/973 1001/949/972
f 1004/951/975 983/934/956 981/933/953
f 983/934/956 1004/951/975 1001/949/972
f 1004/951/975 981/933/953 1001/949/972
f 1007/952/972 1006/953/976 1005/954/977
